grain,combination,count
object,jpl,26
object,jpl+ponder,18
object,ponder,118
object,skybot,433
object,skybot+jpl,103
object,skybot+jpl+ponder,333
object,skybot+ponder,463
object-night,jpl,1944
object-night,jpl+ponder,595
object-night,ponder,2046
object-night,skybot,8593
object-night,skybot+jpl,3940
object-night,skybot+jpl+ponder,1488
object-night,skybot+ponder,1978
object-visit,jpl,10856
object-visit,jpl+ponder,3922
object-visit,ponder,11843
object-visit,skybot,21313
object-visit,skybot+jpl,9208
object-visit,skybot+jpl+ponder,2589
object-visit,skybot+ponder,3382
