name_norm,display_name,jpl,ponder,skybot,combination
100p,100P,True,False,True,skybot+jpl
101p,101P/Chernykh,False,True,True,skybot+ponder
101pa,101P (A),False,False,True,skybot
101pb,101P (B),False,False,True,skybot
102p,102P,False,False,True,skybot
103p,103P/Hartley,False,True,True,skybot+ponder
104p,104P/Kowal,True,True,True,skybot+jpl+ponder
106p,106P/Schuster,True,True,True,skybot+jpl+ponder
107p,107P,False,False,True,skybot
108p,108P,True,False,True,skybot+jpl
109p,109P/Swift-Tuttle,False,True,True,skybot+ponder
10p,10P,False,False,True,skybot
110p,110P,True,False,True,skybot+jpl
111p,111P,True,False,True,skybot+jpl
112p,112P/Urata-Niijima,True,True,True,skybot+jpl+ponder
113p,113P/Spitaler,False,True,True,skybot+ponder
114p,114P,True,False,True,skybot+jpl
115p,115P/Maury,True,True,True,skybot+jpl+ponder
116p,116P,True,False,True,skybot+jpl
118p,118P/Shoemaker-Levy,True,True,True,skybot+jpl+ponder
119p,119P,False,False,True,skybot
11p,11P/Tempel-Swift-LINEAR,True,True,True,skybot+jpl+ponder
120p,120P/Mueller,True,True,True,skybot+jpl+ponder
121p,121P,True,False,True,skybot+jpl
122p,122P/deVico,False,True,True,skybot+ponder
125p,125P/Spacewatch,True,True,True,skybot+jpl+ponder
127p,127P/Holt-Olmstead,True,True,True,skybot+jpl+ponder
128p,128P,True,False,False,jpl
128pa,128P-A,False,False,True,skybot
128pb,128P-B,False,False,True,skybot
129p,129P/Shoemaker-Levy,False,True,True,skybot+ponder
12p,12P,True,False,True,skybot+jpl
131p,131P,True,False,True,skybot+jpl
132p,132P/Helin-Roman-Alu,True,True,True,skybot+jpl+ponder
133p,133P,False,False,True,skybot
134p,134P/Kowal-Vavrova,True,True,True,skybot+jpl+ponder
136p,136P/Mueller,True,True,True,skybot+jpl+ponder
137p,137P/Shoemaker-Levy,False,True,True,skybot+ponder
138p,138P/Shoemaker-Levy,False,True,True,skybot+ponder
139p,139P/Vaisala-Oterma,True,True,True,skybot+jpl+ponder
13p,13P,True,False,True,skybot+jpl
140p,140P/Bowell-Skiff,True,True,True,skybot+jpl+ponder
141p,141P/Machholz,False,True,True,skybot+ponder
141pamachholz,141P-A/Machholz,False,True,False,ponder
141pb,141P-B,False,False,True,skybot
141pc,141P-C,False,False,True,skybot
141pd,141P-D,False,False,True,skybot
141pdmachholz,141P-D/Machholz,False,True,False,ponder
141pe,141P-E,False,False,True,skybot
141pf,141P-F,False,False,True,skybot
141pg,141P-G,False,False,True,skybot
141phmachholz,141P-H/Machholz,False,True,False,ponder
141pimachholz,141P-I/Machholz,False,True,False,ponder
142p,142P/Ge-Wang,False,True,True,skybot+ponder
143p,143P,False,False,True,skybot
144p,144P/Kushida,True,True,True,skybot+jpl+ponder
145p,145P,True,False,True,skybot+jpl
147p,147P/Kushida-Muramatsu,True,True,True,skybot+jpl+ponder
148p,148P,True,False,True,skybot+jpl
149p,149P,False,False,True,skybot
14p,14P,False,False,True,skybot
150p,150P/LONEOS,False,True,True,skybot+ponder
151p,151P/Helin,True,True,True,skybot+jpl+ponder
152p,152P/Helin-Lawrence,False,True,True,skybot+ponder
153p,153P/Ikeya-Zhang,False,True,True,skybot+ponder
154p,154P,True,False,True,skybot+jpl
155p,155P/Shoemaker,False,True,True,skybot+ponder
156p,156P,False,False,True,skybot
157p,157P/Tritton,False,True,True,skybot+ponder
157pbtritton,157P-B/Tritton,False,True,False,ponder
158p,158P,False,False,True,skybot
159p,159P/LONEOS,False,True,True,skybot+ponder
15p,15P/Finlay,False,True,True,skybot+ponder
160p,160P,True,False,True,skybot+jpl
161p,161P,True,False,True,skybot+jpl
163p,163P/NEAT,True,True,True,skybot+jpl+ponder
165p,165P,True,False,True,skybot+jpl
166p,166P/NEAT,True,True,True,skybot+jpl+ponder
168p,168P/Hergenrother,True,True,False,jpl+ponder
169p,169P,False,False,True,skybot
16p,16P,True,False,True,skybot+jpl
170p,170P/Christensen,True,True,True,skybot+jpl+ponder
172p,172P/Yeung,False,True,True,skybot+ponder
173p,173P/Mueller,False,True,True,skybot+ponder
174p,174P,False,False,True,skybot
175p,175P/Hergenrother,False,True,True,skybot+ponder
176p,176P,False,False,True,skybot
177p,177P,False,False,True,skybot
178p,178P/Hug-Bell,True,True,True,skybot+jpl+ponder
179p,179P,True,False,True,skybot+jpl
17p,17P/Holmes,True,True,True,skybot+jpl+ponder
180p,180P/NEAT,True,True,True,skybot+jpl+ponder
181p,181P/Shoemaker-Levy,True,True,True,skybot+jpl+ponder
182p,182P/LONEOS,False,True,True,skybot+ponder
184p,184P/Lovas,False,True,True,skybot+ponder
185p,185P/Petriew,True,True,True,skybot+jpl+ponder
188p,188P/LINEAR-Mueller,False,True,True,skybot+ponder
189p,189P/NEAT,False,True,True,skybot+ponder
18d,18D/Perrine-Mrkos,False,True,False,ponder
18p,18P,False,False,True,skybot
190p,190P/Mueller,False,True,True,skybot+ponder
191p,191P/McNaught,False,True,True,skybot+ponder
193p,193P/LINEAR-NEAT,True,True,True,skybot+jpl+ponder
194p,194P/LINEAR,False,True,True,skybot+ponder
195p,195P,True,False,True,skybot+jpl
196p,196P/Tichy,True,True,True,skybot+jpl+ponder
198p,198P,False,False,True,skybot
199p,199P/Shoemaker,True,True,True,skybot+jpl+ponder
19p,19P,True,False,True,skybot+jpl
1p,1P/Halley,False,True,True,skybot+ponder
200p,200P/Larsen,True,True,True,skybot+jpl+ponder
201p,201P/LONEOS,True,True,True,skybot+jpl+ponder
202p,202P/Scotti,False,True,True,skybot+ponder
203p,203P,False,False,True,skybot
204p,204P/LINEAR-NEAT,False,True,True,skybot+ponder
205p,205P/Giacobini,True,True,False,jpl+ponder
205pa,205P A,False,False,True,skybot
205pb,205P B,False,False,True,skybot
205pc,205P C,False,False,True,skybot
206p,206P/Barnard-Boattini,False,True,True,skybot+ponder
207p,207P/NEAT,False,True,True,skybot+ponder
209p,209P,False,False,True,skybot
210p,210P/Christensen,True,True,True,skybot+jpl+ponder
211p,211P/Hill,True,True,True,skybot+jpl+ponder
212p,212P,False,False,True,skybot
213p,213P/VanNess,True,True,True,skybot+jpl+ponder
213pb,213P-B,False,False,True,skybot
213pbvanness,213P-B/Van Ness,False,True,False,ponder
213pc,213P-C,False,False,True,skybot
213pd,213P-D,False,False,True,skybot
214p,214P/LINEAR,True,True,True,skybot+jpl+ponder
215p,215P/NEAT,True,True,True,skybot+jpl+ponder
216p,216P/LINEAR,True,True,True,skybot+jpl+ponder
217p,217P/LINEAR,False,True,True,skybot+ponder
218p,218P/LINEAR,True,True,True,skybot+jpl+ponder
219p,219P/LINEAR,True,True,True,skybot+jpl+ponder
21p,21P,False,False,True,skybot
221p,221P/LINEAR,True,True,True,skybot+jpl+ponder
222p,222P,False,False,True,skybot
223p,223P/Skiff,False,True,True,skybot+ponder
224p,224P/LINEAR-NEAT,True,True,True,skybot+jpl+ponder
225p,225P,False,False,True,skybot
227p,227P,True,False,True,skybot+jpl
228p,228P,True,False,True,skybot+jpl
229p,229P/Gibbs,True,True,True,skybot+jpl+ponder
22p,22P,False,False,True,skybot
230p,230P/LINEAR,False,True,True,skybot+ponder
231p,231P,True,False,True,skybot+jpl
232p,232P/Hill,True,True,True,skybot+jpl+ponder
234p,234P/LINEAR,True,True,True,skybot+jpl+ponder
235p,235P,False,False,True,skybot
236p,236P/LINEAR,False,True,True,skybot+ponder
237p,237P,True,False,True,skybot+jpl
238p,238P/Read,True,True,True,skybot+jpl+ponder
239p,239P,True,False,True,skybot+jpl
23p,23P/Brorsen-Metcalf,False,True,True,skybot+ponder
240p,240P,True,False,True,skybot+jpl
241p,241P/LINEAR,False,True,True,skybot+ponder
242p,242P,True,False,True,skybot+jpl
243p,243P/NEAT,True,True,True,skybot+jpl+ponder
244p,244P/Scotti,True,True,True,skybot+jpl+ponder
245p,245P/WISE,False,True,True,skybot+ponder
247p,247P,False,False,True,skybot
248p,248P/Gibbs,False,True,True,skybot+ponder
249p,249P/LINEAR,False,True,True,skybot+ponder
24p,24P,False,False,True,skybot
250p,250P/Larson,True,True,True,skybot+jpl+ponder
251p,251P,True,False,True,skybot+jpl
253p,253P/PANSTARRS,True,True,True,skybot+jpl+ponder
255p,255P,True,False,True,skybot+jpl
256p,256P,True,False,True,skybot+jpl
257p,257P/Catalina,False,True,True,skybot+ponder
258p,258P/PANSTARRS,False,True,True,skybot+ponder
259p,259P/Garradd,True,True,True,skybot+jpl+ponder
25d,25D/Neujmin 2,False,True,False,ponder
260p,260P/McNaught,True,True,True,skybot+jpl+ponder
261p,261P/Larson,False,True,True,skybot+ponder
262p,262P/McNaught-Russell,False,True,True,skybot+ponder
263p,263P/Gibbs,False,True,True,skybot+ponder
264p,264P/Larsen,False,True,True,skybot+ponder
265p,265P/LINEAR,True,True,True,skybot+jpl+ponder
266p,266P/Christensen,True,True,True,skybot+jpl+ponder
267p,267P,False,False,True,skybot
268p,268P/Bernardi,False,True,True,skybot+ponder
269p,269P/Jedicke,True,True,True,skybot+jpl+ponder
26p,26P/Grigg-Skjellerup,False,True,True,skybot+ponder
270p,270P/Gehrels,False,True,True,skybot+ponder
271p,271P/vanHouten-Lemmon,True,True,True,skybot+jpl+ponder
272p,272P,True,False,True,skybot+jpl
273p,273P/Pons-Gambart,False,True,True,skybot+ponder
274p,274P/Tombaugh-Tenagra,True,True,True,skybot+jpl+ponder
276p,276P/Vorobjov,True,True,True,skybot+jpl+ponder
277p,277P/LINEAR,True,True,True,skybot+jpl+ponder
278p,278P,True,False,True,skybot+jpl
279p,279P/LaSagra,False,True,True,skybot+ponder
27p,27P/Crommelin,False,True,True,skybot+ponder
280p,280P/Larsen,False,True,True,skybot+ponder
281p,281P/MOSS,False,True,True,skybot+ponder
283p,283P,False,False,True,skybot
284p,284P/McNaught,True,True,True,skybot+jpl+ponder
285p,285P/LINEAR,False,True,True,skybot+ponder
286p,286P/Christensen,False,True,True,skybot+ponder
287p,287P/Christensen,True,True,True,skybot+jpl+ponder
288p,288P,False,True,True,skybot+ponder
289p,289P/Blanpain,False,True,True,skybot+ponder
28p,28P,False,False,True,skybot
290p,290P/Jager,True,True,True,skybot+jpl+ponder
291p,291P/NEAT,True,True,True,skybot+jpl+ponder
292p,292P/Li,True,True,True,skybot+jpl+ponder
293p,293P/Spacewatch,False,True,True,skybot+ponder
294p,294P/LINEAR,False,True,True,skybot+ponder
295p,295P/LINEAR,True,True,True,skybot+jpl+ponder
296p,296P/Garradd,True,True,True,skybot+jpl+ponder
296pb,296P b,False,False,True,skybot
297p,297P/Beshore,True,True,True,skybot+jpl+ponder
298p,298P/Christensen,False,True,True,skybot+ponder
299p,299P/Catalina-PANSTARRS,True,True,True,skybot+jpl+ponder
29p,29P,False,False,True,skybot
2i,2I,False,False,True,skybot
2p,2P/Encke,False,True,True,skybot+ponder
300p,300P/Catalina,True,True,True,skybot+jpl+ponder
302p,302P/Lemmon-PANSTARRS,True,True,True,skybot+jpl+ponder
303p,303P/NEAT,False,True,True,skybot+ponder
304p,304P/Ory,False,True,True,skybot+ponder
305p,305P/Skiff,False,True,True,skybot+ponder
306p,306P/LINEAR,False,True,True,skybot+ponder
307p,307P/LINEAR,True,True,True,skybot+jpl+ponder
308p,308P,True,False,True,skybot+jpl
309p,309P/LINEAR,False,True,True,skybot+ponder
30p,30P/Reinmuth,False,True,True,skybot+ponder
310p,310P/Hill,True,True,True,skybot+jpl+ponder
311p,311P/PANSTARRS,False,True,True,skybot+ponder
312p,312P/NEAT,False,True,True,skybot+ponder
313p,313P/Gibbs,False,True,True,skybot+ponder
314p,314P/Montani,False,True,True,skybot+ponder
315p,315P/LONEOS,True,True,True,skybot+jpl+ponder
316p,316P/LONEOS-Christensen,False,True,True,skybot+ponder
317p,317P/WISE,True,False,False,jpl
318p,318P/McNaught-Hartley,True,True,True,skybot+jpl+ponder
319p,319P,False,False,True,skybot
31p,31P,True,False,True,skybot+jpl
320p,320P/McNaught,False,True,True,skybot+ponder
322p,322P,False,False,True,skybot
323p,323P/SOHO,False,True,True,skybot+ponder
324p,324P/La Sagra,True,True,True,skybot+jpl+ponder
326p,326P/Hill,True,True,True,skybot+jpl+ponder
327p,327P/VanNess,True,True,True,skybot+jpl+ponder
328p,328P,True,False,True,skybot+jpl
329p,329P/LINEAR-Catalina,True,True,True,skybot+jpl+ponder
32p,32P,True,False,True,skybot+jpl
330p,330P/Catalina,True,True,True,skybot+jpl+ponder
331p,331P/Gibbs,False,True,True,skybot+ponder
332p,332P/Ikeya-Murakami,True,True,True,skybot+jpl+ponder
332pa,332P-A,False,False,True,skybot
332paikeyamurakami,332P-A/Ikeya-Murakami,False,True,False,ponder
332pb,332P-B,False,False,True,skybot
332pc,332P-C,False,False,True,skybot
332pcikeyamurakami,332P-C/Ikeya-Murakami,False,True,False,ponder
332pd,332P-D,False,False,True,skybot
332pe,332P-E,False,False,True,skybot
332pf,332P-F,False,False,True,skybot
332ph,332P-H,False,False,True,skybot
332phikeyamurakami,332P-H/Ikeya-Murakami,False,True,False,ponder
332pi,332P-I,False,False,True,skybot
332pj,332P-J,False,False,True,skybot
333p,333P/LINEAR,False,True,True,skybot+ponder
334p,334P/NEAT,True,True,True,skybot+jpl+ponder
335p,335P/Gibbs,False,True,True,skybot+ponder
336p,336P/McNaught,True,True,True,skybot+jpl+ponder
337p,337P/WISE,True,True,True,skybot+jpl+ponder
339p,339P/Gibbs,True,True,True,skybot+jpl+ponder
33p,33P/Daniel,False,True,True,skybot+ponder
340p,340P/Boattini,False,True,True,skybot+ponder
342p,342P/SOHO,False,True,False,ponder
343p,343P/NEAT-LONEOS,True,True,True,skybot+jpl+ponder
344p,344P/Read,True,True,True,skybot+jpl+ponder
345p,345P/LINEAR,False,True,True,skybot+ponder
346p,346P/Catalina,True,True,True,skybot+jpl+ponder
347p,347P/PANSTARRS,False,True,True,skybot+ponder
348p,348P/PANSTARRS,False,True,True,skybot+ponder
349p,349P/Lemmon,True,True,True,skybot+jpl+ponder
34p,34P,False,False,True,skybot
350p,350P/McNaught,False,True,True,skybot+ponder
351p,351P/Wiegert-PANSTARRS,True,True,False,jpl+ponder
353p,353P/McNaught,True,True,True,skybot+jpl+ponder
354p,354P/LINEAR,False,True,False,ponder
355p,355P,True,False,True,skybot+jpl
356p,356P/WISE,True,True,True,skybot+jpl+ponder
357p,357P/Hill,True,True,True,skybot+jpl+ponder
358p,358P/PANSTARRS,True,True,True,skybot+jpl+ponder
359p,359P/LONEOS,False,True,True,skybot+ponder
361p,361P/Spacewatch,True,True,True,skybot+jpl+ponder
363p,363P/Lemmon,True,True,True,skybot+jpl+ponder
365p,365P/PANSTARRS,True,True,True,skybot+jpl+ponder
366p,366P/Spacewatch,True,True,True,skybot+jpl+ponder
367p,367P,False,False,True,skybot
368p,368P/NEAT,False,True,True,skybot+ponder
369p,369P/Hill,False,True,True,skybot+ponder
36p,36P,True,False,True,skybot+jpl
370p,370P/NEAT,True,True,True,skybot+jpl+ponder
371p,371P/LINEAR-Skiff,True,True,True,skybot+jpl+ponder
372p,372P/McNaught,True,True,True,skybot+jpl+ponder
374p,374P/Larson,True,True,True,skybot+jpl+ponder
375p,375P/Hill,False,True,True,skybot+ponder
377p,377P/Scotti,False,True,True,skybot+ponder
378p,378P/McNaught,False,True,True,skybot+ponder
379p,379P/Spacewatch,True,True,True,skybot+jpl+ponder
380p,380P/PANSTARRS,True,True,True,skybot+jpl+ponder
381p,381P,True,False,True,skybot+jpl
382p,382P/Larson,True,True,True,skybot+jpl+ponder
383p,383P,False,False,True,skybot
384p,384P,False,False,True,skybot
385p,385P/Hill,True,True,True,skybot+jpl+ponder
386p,386P/PANSTARRS,True,True,True,skybot+jpl+ponder
387p,387P/Boattini,True,True,True,skybot+jpl+ponder
388p,388P/Gibbs,True,True,True,skybot+jpl+ponder
38p,38P,True,False,True,skybot+jpl
390p,390P/Gibbs,True,True,True,skybot+jpl+ponder
391p,391P,True,False,True,skybot+jpl
392p,392P/LINEAR,False,True,True,skybot+ponder
393p,393P/Spacewatch-Hill,True,True,True,skybot+jpl+ponder
394p,394P/PANSTARRS,False,True,True,skybot+ponder
395p,395P/Catalina-NEAT,True,True,True,skybot+jpl+ponder
396p,396P/Leonard,False,True,False,ponder
397p,397P/Lemmon,False,True,True,skybot+ponder
398p,398P/Boattini,True,True,True,skybot+jpl+ponder
399p,399P/PANSTARRS,False,True,True,skybot+ponder
39p,39P,True,False,True,skybot+jpl
3dabiela,3D-A/Biela,False,True,False,ponder
3dbbiela,3D-B/Biela,False,True,False,ponder
3i,3I/ATLAS,False,True,True,skybot+ponder
400p,400P/PANSTARRS,True,True,True,skybot+jpl+ponder
401p,401P,True,False,True,skybot+jpl
402p,402P/LINEAR,True,True,True,skybot+jpl+ponder
403p,403P/Catalina,True,True,True,skybot+jpl+ponder
404p,404P/Bressi,True,True,True,skybot+jpl+ponder
405p,405P/Lemmon,False,True,True,skybot+ponder
406p,406P/Gibbs,True,True,True,skybot+jpl+ponder
407p,407P/PANSTARRS-Fuls,True,True,True,skybot+jpl+ponder
408p,408P/Novichonok-Gerke,True,True,True,skybot+jpl+ponder
409p,409P/LONEOS-Hill,False,True,True,skybot+ponder
40p,40P,True,False,True,skybot+jpl
410p,410P/NEAT-LINEAR,False,True,True,skybot+ponder
411p,411P/Christensen,True,True,True,skybot+jpl+ponder
414p,414P/STEREO,False,True,True,skybot+ponder
415p,415P/Tenagra,False,True,True,skybot+ponder
416p,416P/Scotti,False,True,True,skybot+ponder
417p,417P/NEOWISE,False,True,False,ponder
418p,418P/LINEAR,False,True,True,skybot+ponder
41p,41P,False,False,True,skybot
420p,420P/Hill,False,True,True,skybot+ponder
421p,421P,True,False,True,skybot+jpl
423p,423P/Lemmon,False,True,True,skybot+ponder
424p,424P,False,False,True,skybot
425p,425P/Kowalski,True,True,True,skybot+jpl+ponder
426p,426P/PANSTARRS,False,True,True,skybot+ponder
427p,427P/ATLAS,True,True,True,skybot+jpl+ponder
428p,428P/Gibbs,True,True,True,skybot+jpl+ponder
429p,429P/LINEAR-Hill,True,True,True,skybot+jpl+ponder
42p,42P/Neujmin,False,True,True,skybot+ponder
430p,430P/Scotti,False,True,True,skybot+ponder
431p,431P/Scotti,True,True,True,skybot+jpl+ponder
432p,432P/PANSTARRS,False,True,True,skybot+ponder
434p,434P/Tenagra,True,True,True,skybot+jpl+ponder
435p,435P/PANSTARRS,False,True,True,skybot+ponder
437p,437P/Lemmon-PANSTARRS,False,True,False,ponder
438p,438P/Christensen,False,True,True,skybot+ponder
439p,439P/LINEAR,True,True,True,skybot+jpl+ponder
43p,43P,True,False,True,skybot+jpl
440p,440P/Kobayashi,True,True,True,skybot+jpl+ponder
441p,441P/PANSTARRS,False,True,True,skybot+ponder
442p,442P,True,False,True,skybot+jpl
445p,445P/Lemmon-PANSTARRS,True,True,True,skybot+jpl+ponder
446p,446P,False,False,True,skybot
447p,447P/Sheppard-Tholen,False,True,False,ponder
448p,448P/PANSTARRS,False,True,True,skybot+ponder
449p,449P/Leonard,True,True,False,jpl+ponder
44p,44P,False,False,True,skybot
450p,450P,True,False,True,skybot+jpl
451p,451P/Christensen,True,True,False,jpl+ponder
452p,452P/Sheppard-Jewitt,False,True,True,skybot+ponder
453p,453P/WISE-Lemmon,False,True,True,skybot+ponder
454p,454P/PANSTARRS,False,True,False,ponder
455p,455P/PANSTARRS,False,True,False,ponder
456p,456P/PANSTARRS,False,True,True,skybot+ponder
458p,458P/Jahn,False,True,True,skybot+ponder
459p,459P/Catalina,False,True,True,skybot+ponder
45p,45P/Honda-Mrkos-Pajdusakova,True,True,True,skybot+jpl+ponder
461p,461P/WISE,False,True,True,skybot+ponder
464p,464P/PANSTARRS,False,True,False,ponder
465p,465P/Hill,True,True,True,skybot+jpl+ponder
466p,466P/PANSTARRS,False,True,True,skybot+ponder
469p,469P/PANSTARRS,False,True,True,skybot+ponder
46p,46P/Wirtanen,False,True,True,skybot+ponder
470p,470P/PANSTARRS,False,True,True,skybot+ponder
471p,471P/LINEAR-Lemmon,True,True,True,skybot+jpl+ponder
472p,472P/NEAT-LINEAR,True,True,True,skybot+jpl+ponder
473p,473P/NEAT,True,True,True,skybot+jpl+ponder
474p,474P/Hogan,False,True,True,skybot+ponder
475p,475P/Spacewatch-LINEAR,True,True,True,skybot+jpl+ponder
476p,476P/PANSTARRS,False,True,True,skybot+ponder
477p,477P/PANSTARRS,True,True,True,skybot+jpl+ponder
478p,478P/ATLAS,False,True,True,skybot+ponder
479p,479P/Elenin,False,True,False,ponder
47p,47P,False,False,True,skybot
480p,480P/PANSTARRS,True,True,True,skybot+jpl+ponder
481p,481P/Lemmon-PANSTARRS,False,True,True,skybot+ponder
482p,482P/PANSTARRS,False,True,True,skybot+ponder
483p,483P/PANSTARRS,True,True,False,jpl+ponder
483pa,483P-a,False,False,True,skybot
483papanstarrs,483P-A/PANSTARRS,False,True,False,ponder
483pb,483P-b,False,False,True,skybot
483pbpanstarrs,483P-B/PANSTARRS,False,True,False,ponder
485p,485P/Sheppard-Tholen,False,True,True,skybot+ponder
486p,486P/Leonard,True,True,False,jpl+ponder
489p,489P/Denning,False,True,False,ponder
48p,48P,True,False,True,skybot+jpl
491p,491P,True,False,True,skybot+jpl
492p,492P/LINEAR,False,True,True,skybot+ponder
494p,494P/PANSTARRS,False,True,False,ponder
496p,496P/Hill,True,True,True,skybot+jpl+ponder
497p,497P/Spacewatch-PANSTARRS,True,True,True,skybot+jpl+ponder
498p,498P/LINEAR,False,True,True,skybot+ponder
499p,499P/Catalina,True,True,True,skybot+jpl+ponder
49p,49P/Arend-Rigaux,False,True,True,skybot+ponder
4p,4P,True,False,True,skybot+jpl
500p,500P/PANSTARRS,False,True,False,ponder
502p,502P,True,False,False,jpl
503p,503P,True,False,True,skybot+jpl
504p,504P/WISE-PANSTARRS,False,True,True,skybot+ponder
505p,505P/Palomar,False,True,False,ponder
507p,507P/Lemmon,False,True,False,ponder
50p,50P/Arend,False,True,True,skybot+ponder
510p,510P/Boattini,True,True,True,skybot+jpl+ponder
512p,512P,True,False,False,jpl
513p,513P,True,False,False,jpl
51p,51P/Harrington,True,True,True,skybot+jpl+ponder
51pa,51P-A,False,False,True,skybot
51paharrington,51P-A/Harrington,False,True,False,ponder
51pd,51P-d,False,False,True,skybot
51pdharrington,51P-D/Harrington,False,True,False,ponder
52p,52P/Harrington-Abell,True,True,True,skybot+jpl+ponder
53p,53P,True,False,True,skybot+jpl
54p,54P,True,False,True,skybot+jpl
55p,55P/Tempel-Tuttle,False,True,True,skybot+ponder
56p,56P/Slaughter-Burnham,True,True,True,skybot+jpl+ponder
57p,57P/duToit-Neujmin-Delporte,True,True,True,skybot+jpl+ponder
58p,58P/Jackson-Neujmin,True,True,True,skybot+jpl+ponder
59p,59P,True,False,True,skybot+jpl
5d,5D/Brorsen,False,True,False,ponder
60p,60P/Tsuchinshan,True,True,True,skybot+jpl+ponder
61p,61P,True,False,True,skybot+jpl
62p,62P,True,False,True,skybot+jpl
63p,63P,True,False,True,skybot+jpl
64p,64P/Swift-Gehrels,False,True,True,skybot+ponder
65p,65P,False,False,True,skybot
67p,67P/Churyumov-Gerasimenko,False,True,True,skybot+ponder
68p,68P/Klemola,True,True,True,skybot+jpl+ponder
69p,69P,False,False,True,skybot
6p,6P,False,False,True,skybot
70p,70P/Kojima,True,True,True,skybot+jpl+ponder
72p,72P,False,False,True,skybot
73paa,73P-AA,False,False,True,skybot
73pao,73P-AO,False,False,True,skybot
73pay,73P-AY,False,False,True,skybot
73pba,73P-BA,False,False,True,skybot
73pbe,73P-BE,False,False,True,skybot
73pbh,73P-BH,False,False,True,skybot
73pbl,73P-BL,False,False,True,skybot
73pbm,73P-BM,False,False,True,skybot
73pbq,73P-BQ,False,False,True,skybot
73pbr,73P-BR,False,False,True,skybot
73ps,73P-S,False,False,True,skybot
73pz,73P-Z,False,False,True,skybot
74p,74P,False,False,True,skybot
75d,75D/Kohoutek,False,True,False,ponder
75p,75P,False,False,True,skybot
76p,76P,True,False,True,skybot+jpl
77p,77P,True,False,True,skybot+jpl
78p,78P,True,False,True,skybot+jpl
79p,79P/duToit-Hartley,False,True,True,skybot+ponder
7p,7P/Pons-Winnecke,False,True,True,skybot+ponder
81p,81P,True,False,True,skybot+jpl
84p,84P,True,False,True,skybot+jpl
85d,85D/Boethin,False,True,False,ponder
85p,85P,False,False,True,skybot
88p,88P,False,False,True,skybot
8p,8P/Tuttle,False,True,True,skybot+ponder
90p,90P/Gehrels,True,True,True,skybot+jpl+ponder
91p,91P,True,False,True,skybot+jpl
92p,92P/Sanguin,True,True,True,skybot+jpl+ponder
93p,93P,True,False,True,skybot+jpl
94p,94P,False,False,True,skybot
96p,96P/Machholz,True,True,True,skybot+jpl+ponder
96pbmachholz,96P-B/Machholz,False,True,False,ponder
97p,97P,False,False,True,skybot
98p,98P/Takamizawa,False,True,True,skybot+ponder
99p,99P,True,False,True,skybot+jpl
a2010ln135,A/2010 LN135,False,True,False,ponder
a2019o4,A/2019 O4,True,False,False,jpl
a2019t1,A/2019 T1,True,False,False,jpl
a2020m4,A/2020 M4,True,False,False,jpl
a2022b3,A/2022 B3,True,False,False,jpl
a2024w2,A/2024 W2,True,False,False,jpl
a2025a7,A/2025 A7,True,False,False,jpl
a2025o4,A/2025 O4,True,False,False,jpl
a2025s2,A/2025 S2,True,False,False,jpl
c1858r1,C/1858 R1,True,False,False,jpl
c1913y1,C/1913 Y1 (Delavan),False,True,False,ponder
c1937d1,C/1937 D1 (Wilk),False,True,False,ponder
c1942ea,C/1942 EA (Vaisala),False,True,False,ponder
c1951c1,C/1951 C1,False,False,True,skybot
c1952h1,C/1952 H1,False,False,True,skybot
c1952m1,C/1952 M1,False,False,True,skybot
c1952q1,C/1952 Q1,False,False,True,skybot
c1953g1,C/1953 G1,False,False,True,skybot
c1953t1,C/1953 T1,False,False,True,skybot
c1953x1,C/1953 X1,False,False,True,skybot
c1966p1,C/1966 P1 (Kilston),False,True,False,ponder
c1967y1,C/1967 Y1 (Ikeya-Seki),False,True,False,ponder
c1968n1,C/1968 N1 (Honda),False,True,False,ponder
c1970n1,C/1970 N1 (Abe),False,True,False,ponder
c1971e1,C/1971 E1 (Toba),False,True,False,ponder
c1972l1,C/1972 L1 (Sandage),True,True,False,jpl+ponder
c1973e1,C/1973 E1 (Kohoutek),False,True,False,ponder
c1973h1,C/1973 H1,False,False,True,skybot
c1975n1,C/1975 N1 (Kobayashi-Berger-Milon),False,True,False,ponder
c1975v1,C/1975 V1,False,False,True,skybot
c1975v1a,C/1975 V1-a,False,False,True,skybot
c1975v1b,C/1975 V1-b,False,False,True,skybot
c1975x1,C/1975 X1,False,False,True,skybot
c1976d2,C/1976 D2,True,False,False,jpl
c1977r1,C/1977 R1 (Kohler),False,True,False,ponder
c1978c1,C/1978 C1 (Bradfield),False,True,False,ponder
c1978r3,C/1978 R3 (Machholz),False,True,False,ponder
c1979s1,C/1979 S1,False,False,True,skybot
c1980y2,C/1980 Y2 (Panther),False,True,False,ponder
c1982m1,C/1982 M1 (Austin),True,True,False,jpl+ponder
c1983o1,C/1983 O1 (Cernis),True,True,False,jpl+ponder
c1984n1,C/1984 N1 (Austin),False,True,False,ponder
c1987b1,C/1987 B1 (Nishikawa-Takamizawa-Tago),False,True,False,ponder
c1987p1,C/1987 P1 (Bradfield),False,True,False,ponder
c1987u3,C/1987 U3 (McNaught),False,True,True,skybot+ponder
c1988a1,C/1988 A1 (Liller),False,True,False,ponder
c1988p1,C/1988 P1 (Machholz),False,True,False,ponder
c1989a5,C/1989 A5,False,False,True,skybot
c1989q1,C/1989 Q1 (Okazaki-Levy-Rudenko),False,True,True,skybot+ponder
c1989x1,C/1989 X1 (Austin),False,True,True,skybot+ponder
c1989y1,C/1989 Y1 (Skorichenko-George),False,True,False,ponder
c1990n1,C/1990 N1 (Tsuchiya-Kiuchi),False,True,True,skybot+ponder
c1991l3,C/1991 L3 (Levy),False,True,False,ponder
c1993a1,C/1993 A1 (Mueller),False,True,False,ponder
c1993k1,C/1993 K1,False,False,True,skybot
c1994j2,C/1994 J2,False,False,True,skybot
c1994n1,C/1994 N1,False,False,True,skybot
c1994t1,C/1994 T1,False,False,True,skybot
c1995o1,C/1995 O1,False,False,True,skybot
c1995q2,C/1995 Q2,False,False,True,skybot
c1995y1,C/1995 Y1,False,False,True,skybot
c1996b1,C/1996 B1 (Szczepanski),False,True,True,skybot+ponder
c1996b2,C/1996 B2,False,False,True,skybot
c1996e1,C/1996 E1,False,False,True,skybot
c1996n1,C/1996 N1,False,False,True,skybot
c1996p2,C/1996 P2,False,False,True,skybot
c1996q1,C/1996 Q1,False,False,True,skybot
c1996r1,C/1996 R1,False,False,True,skybot
c1996r3,C/1996 R3,False,False,True,skybot
c1997a1,C/1997 A1,False,False,True,skybot
c1997d1,C/1997 D1 (Mueller),True,True,True,skybot+jpl+ponder
c1997j1,C/1997 J1 (Mueller),False,True,True,skybot+ponder
c1997j2,C/1997 J2 (Meunier-Dupouy),False,True,True,skybot+ponder
c1997p2,C/1997 P2,False,False,True,skybot
c1997t1,C/1997 T1 (Utsunomiya),False,True,True,skybot+ponder
c1998j1,C/1998 J1,True,False,True,skybot+jpl
c1998k1,C/1998 K1 (Mueller),True,True,True,skybot+jpl+ponder
c1998k3,C/1998 K3,False,False,True,skybot
c1998k5,C/1998 K5,False,False,True,skybot
c1998m2,C/1998 M2,False,False,True,skybot
c1998m4,C/1998 M4,False,False,True,skybot
c1998m5,C/1998 M5 (LINEAR),False,True,True,skybot+ponder
c1998q1,C/1998 Q1,False,False,True,skybot
c1998t1,C/1998 T1,False,False,True,skybot
c1998u1,C/1998 U1,False,False,True,skybot
c1998u5,C/1998 U5 (LINEAR),False,True,True,skybot+ponder
c1999a1,C/1999 A1,False,False,True,skybot
c1999e1,C/1999 E1 (Li),False,True,False,ponder
c1999h1,C/1999 H1 (Lee),False,True,True,skybot+ponder
c1999h3,C/1999 H3 (LINEAR),False,True,True,skybot+ponder
c1999j2,C/1999 J2 (Skiff),True,True,True,skybot+jpl+ponder
c1999j3,C/1999 J3,False,False,True,skybot
c1999j4,C/1999 J4,False,False,True,skybot
c1999k6,C/1999 K6,False,False,True,skybot
c1999k7,C/1999 K7,False,False,True,skybot
c1999k8,C/1999 K8 (LINEAR),False,True,True,skybot+ponder
c1999l2,C/1999 L2,False,False,True,skybot
c1999l3,C/1999 L3,False,False,True,skybot
c1999n4,C/1999 N4 (LINEAR),True,True,True,skybot+jpl+ponder
c1999s2,C/1999 S2 (McNaught-Watson),False,True,False,ponder
c1999s3,C/1999 S3 (LINEAR),False,True,True,skybot+ponder
c1999s4,C/1999 S4,False,False,True,skybot
c1999t1,C/1999 T1 (McNaught-Hartley),False,True,False,ponder
c1999t2,C/1999 T2 (LINEAR),True,True,True,skybot+jpl+ponder
c1999t3,C/1999 T3 (LINEAR),False,True,True,skybot+ponder
c1999u4,C/1999 U4 (Catalina-Skiff),False,True,True,skybot+ponder
c1999xs87,C/1999 XS87 (LINEAR),False,True,False,ponder
c1999y1,C/1999 Y1 (LINEAR),False,True,True,skybot+ponder
c2000a1,C/2000 A1 (Montani),True,True,True,skybot+jpl+ponder
c2000b2,C/2000 B2,False,False,True,skybot
c2000d2,C/2000 D2 (LINEAR),False,True,True,skybot+ponder
c2000g2,C/2000 G2,False,False,True,skybot
c2000h1,C/2000 H1,False,False,True,skybot
c2000j1,C/2000 J1 (Ferris),False,True,True,skybot+ponder
c2000k2,C/2000 K2,False,False,True,skybot
c2000o1,C/2000 O1 (Koehn),True,True,True,skybot+jpl+ponder
c2000s3,C/2000 S3,False,False,True,skybot
c2000sv74,C/2000 SV74 (LINEAR),False,True,True,skybot+ponder
c2000w1,C/2000 W1,False,False,True,skybot
c2000y1,C/2000 Y1 (Tubbiolo),True,True,True,skybot+jpl+ponder
c2000y2,C/2000 Y2,False,False,True,skybot
c2001a1,C/2001 A1,False,False,True,skybot
c2001ht50,C/2001 HT50 (LINEAR-NEAT),True,True,True,skybot+jpl+ponder
c2001k5,C/2001 K5 (LINEAR),True,True,True,skybot+jpl+ponder
c2001n2,C/2001 N2 (LINEAR),False,True,True,skybot+ponder
c2001og108,C/2001 OG108 (LONEOS),False,True,True,skybot+ponder
c2001q1,C/2001 Q1 (NEAT),False,True,True,skybot+ponder
c2001q4,C/2001 Q4 (NEAT),False,True,True,skybot+ponder
c2001rx14,C/2001 RX14 (LINEAR),False,True,True,skybot+ponder
c2001u6,C/2001 U6 (LINEAR),False,True,True,skybot+ponder
c2001w1,C/2001 W1,False,False,True,skybot
c2001w2,C/2001 W2,False,False,True,skybot
c2001x1,C/2001 X1,False,False,True,skybot
c2002a1,C/2002 A1,True,False,True,skybot+jpl
c2002a2,C/2002 A2,True,False,True,skybot+jpl
c2002b1,C/2002 B1,True,False,True,skybot+jpl
c2002b3,C/2002 B3 (LINEAR),False,True,True,skybot+ponder
c2002c2,C/2002 C2 (LINEAR),False,True,True,skybot+ponder
c2002ce10,C/2002 CE10,False,False,True,skybot
c2002f1,C/2002 F1 (Utsunomiya),False,True,True,skybot+ponder
c2002j5,C/2002 J5 (LINEAR),True,True,True,skybot+jpl+ponder
c2002k4,C/2002 K4 (NEAT),False,True,True,skybot+ponder
c2002l9,C/2002 L9,True,False,True,skybot+jpl
c2002o4,C/2002 O4,False,False,True,skybot
c2002o6,C/2002 O6,False,False,True,skybot
c2002q2,C/2002 Q2,False,False,True,skybot
c2002q3,C/2002 Q3,False,False,True,skybot
c2002q3a,C/2002 Q3-A,False,False,True,skybot
c2002q5,C/2002 Q5,False,False,True,skybot
c2002r3,C/2002 R3 (LONEOS),True,True,True,skybot+jpl+ponder
c2002t7,C/2002 T7 (LINEAR),False,True,True,skybot+ponder
c2002u2,C/2002 U2,False,False,True,skybot
c2002v1,C/2002 V1 (NEAT),False,True,True,skybot+ponder
c2002v2,C/2002 V2 (LINEAR),False,True,True,skybot+ponder
c2002vq94,C/2002 VQ94,False,False,True,skybot
c2002x1,C/2002 X1 (LINEAR),False,True,True,skybot+ponder
c2002x5,C/2002 X5,False,False,True,skybot
c2002y1,C/2002 Y1 (Juels-Holvorcem),False,True,True,skybot+ponder
c2003a2,C/2003 A2 (Gleason),True,True,True,skybot+jpl+ponder
c2003e1,C/2003 E1,False,False,True,skybot
c2003f1,C/2003 F1 (LINEAR),True,True,True,skybot+jpl+ponder
c2003g2,C/2003 G2,False,False,True,skybot
c2003h1,C/2003 H1 (LINEAR),False,True,True,skybot+ponder
c2003h2,C/2003 H2,False,False,True,skybot
c2003j1,C/2003 J1 (NEAT),False,True,True,skybot+ponder
c2003k4,C/2003 K4 (LINEAR),False,True,True,skybot+ponder
c2003l2,C/2003 L2,False,False,True,skybot
c2003o1,C/2003 O1 (LINEAR),False,True,True,skybot+ponder
c2003r1,C/2003 R1,False,False,True,skybot
c2003s3,C/2003 S3 (LINEAR),True,True,True,skybot+jpl+ponder
c2003s4a,C/2003 S4-A,False,False,True,skybot
c2003s4b,C/2003 S4-B,False,False,True,skybot
c2003t2,C/2003 T2,False,False,True,skybot
c2003t3,C/2003 T3 (Tabur),True,True,True,skybot+jpl+ponder
c2003t4,C/2003 T4 (LINEAR),False,True,True,skybot+ponder
c2003u1,C/2003 U1,False,False,True,skybot
c2003v1,C/2003 V1 (LINEAR),False,True,True,skybot+ponder
c2003w1,C/2003 W1,False,False,True,skybot
c2003wt42,C/2003 WT42 (LINEAR),True,True,True,skybot+jpl+ponder
c2004c1,C/2004 C1 (Larsen),True,False,False,jpl
c2004d1,C/2004 D1 (NEAT),True,True,True,skybot+jpl+ponder
c2004g1,C/2004 G1,False,False,True,skybot
c2004hv60,C/2004 HV60,False,False,True,skybot
c2004k1,C/2004 K1 (Catalina),True,True,True,skybot+jpl+ponder
c2004k3,C/2004 K3,False,False,True,skybot
c2004q1,C/2004 Q1 (Tucker),True,True,True,skybot+jpl+ponder
c2004q2,C/2004 Q2 (Machholz),False,True,True,skybot+ponder
c2004r2,C/2004 R2,False,False,True,skybot
c2004rg113,C/2004 RG113,False,False,True,skybot
c2004s1,C/2004 S1,False,False,True,skybot
c2004u1,C/2004 U1,False,False,True,skybot
c2004v13,C/2004 V13,False,False,True,skybot
c2004x2,C/2004 X2,False,False,True,skybot
c2004x3,C/2004 X3 (LINEAR),False,True,True,skybot+ponder
c2004yj35,C/2004 YJ35 (LINEAR),False,True,True,skybot+ponder
c2005b1,C/2005 B1 (Christensen),False,True,True,skybot+ponder
c2005e2,C/2005 E2 (McNaught),True,True,True,skybot+jpl+ponder
c2005g1,C/2005 G1 (LINEAR),True,True,True,skybot+jpl+ponder
c2005h1,C/2005 H1 (LINEAR),False,True,True,skybot+ponder
c2005k1,C/2005 K1 (Skiff),True,True,True,skybot+jpl+ponder
c2005l3,C/2005 L3 (McNaught),False,True,True,skybot+ponder
c2005n1,C/2005 N1,False,False,True,skybot
c2005n4,C/2005 N4,False,False,True,skybot
c2005n5,C/2005 N5,False,False,True,skybot
c2005o1,C/2005 O1 (NEAT),False,True,True,skybot+ponder
c2005o2,C/2005 O2 (Christensen),False,True,True,skybot+ponder
c2005p3,C/2005 P3,False,False,True,skybot
c2005q1,C/2005 Q1 (LINEAR),False,True,True,skybot+ponder
c2005r4,C/2005 R4 (LINEAR),True,True,True,skybot+jpl+ponder
c2005w2,C/2005 W2 (Christensen),False,True,True,skybot+ponder
c2005x1,C/2005 X1,False,False,True,skybot
c2006a2,C/2006 A2 (Catalina),False,True,True,skybot+ponder
c2006ck10,C/2006 CK10 (Catalina),False,True,True,skybot+ponder
c2006f2,C/2006 F2 (Christensen),True,True,True,skybot+jpl+ponder
c2006gz2,C/2006 GZ2,False,False,True,skybot
c2006l2,C/2006 L2 (McNaught),False,True,True,skybot+ponder
c2006m1,C/2006 M1 (LINEAR),True,True,True,skybot+jpl+ponder
c2006m4,C/2006 M4 (SWAN),False,True,True,skybot+ponder
c2006o2,C/2006 O2,False,False,True,skybot
c2006of2,C/2006 OF2 (Broughton),False,True,True,skybot+ponder
c2006p1,C/2006 P1 (McNaught),False,True,True,skybot+ponder
c2006s2,C/2006 S2,False,False,True,skybot
c2006s3,C/2006 S3 (LONEOS),True,True,True,skybot+jpl+ponder
c2006s5,C/2006 S5 (Hill),False,True,True,skybot+ponder
c2006u7,C/2006 U7 (Gibbs),True,True,False,jpl+ponder
c2006vz13,C/2006 VZ13,False,False,True,skybot
c2006w3,C/2006 W3 (Christensen),False,True,True,skybot+ponder
c2006x1,C/2006 X1 (LINEAR),True,True,True,skybot+jpl+ponder
c2006xa1,C/2006 XA1 (LINEAR),False,True,True,skybot+ponder
c2007b2,C/2007 B2 (Skiff),False,True,True,skybot+ponder
c2007d1,C/2007 D1,False,False,True,skybot
c2007e1,C/2007 E1,False,False,True,skybot
c2007f1,C/2007 F1,False,False,True,skybot
c2007ja21,C/2007 JA21 (LINEAR),False,True,True,skybot+ponder
c2007k1,C/2007 K1 (Lemmon),False,True,True,skybot+ponder
c2007k4,C/2007 K4,False,False,True,skybot
c2007m1,C/2007 M1 (McNaught),True,True,True,skybot+jpl+ponder
c2007m2,C/2007 M2 (Catalina),False,True,True,skybot+ponder
c2007m3,C/2007 M3 (LINEAR),True,True,True,skybot+jpl+ponder
c2007n3,C/2007 N3 (Lulin),False,True,True,skybot+ponder
c2007o1,C/2007 O1,False,False,True,skybot
c2007p1,C/2007 P1,False,False,True,skybot
c2007s2,C/2007 S2 (Lemmon),False,True,True,skybot+ponder
c2007t5,C/2007 T5 (Gibbs),False,True,True,skybot+ponder
c2007u1,C/2007 U1 (LINEAR),False,True,True,skybot+ponder
c2007vo53,C/2007 VO53 (Spacewatch),True,True,True,skybot+jpl+ponder
c2007w3,C/2007 W3,False,False,True,skybot
c2007y2,C/2007 Y2,False,False,True,skybot
c2008c1,C/2008 C1,False,False,True,skybot
c2008e1,C/2008 E1 (Catalina),True,True,True,skybot+jpl+ponder
c2008e3,C/2008 E3 (Garradd),True,True,True,skybot+jpl+ponder
c2008fk75,C/2008 FK75 (Lemmon-SidingSpring),False,True,True,skybot+ponder
c2008g1,C/2008 G1,False,False,True,skybot
c2008h1,C/2008 H1,False,False,True,skybot
c2008j1,C/2008 J1,False,False,True,skybot
c2008j4,C/2008 J4,False,False,True,skybot
c2008l3,C/2008 L3,False,False,True,skybot
c2008n1,C/2008 N1 (Holmes),False,True,True,skybot+ponder
c2008q1,C/2008 Q1 (Maticic),False,True,True,skybot+ponder
c2008r3,C/2008 R3,False,False,True,skybot
c2008s3,C/2008 S3 (Boattini),False,True,True,skybot+ponder
c2008t2,C/2008 T2 (Cardinal),False,True,True,skybot+ponder
c2008x3,C/2008 X3,False,False,True,skybot
c2009b2,C/2009 B2,False,False,True,skybot
c2009e1,C/2009 E1,False,False,True,skybot
c2009f1,C/2009 F1,False,False,True,skybot
c2009f6,C/2009 F6 (Yi-SWAN),False,True,True,skybot+ponder
c2009g1,C/2009 G1 (STEREO),False,True,True,skybot+ponder
c2009k2,C/2009 K2 (Catalina),False,True,True,skybot+ponder
c2009k4,C/2009 K4,False,False,True,skybot
c2009k5,C/2009 K5 (McNaught),False,True,True,skybot+ponder
c2009o2,C/2009 O2,False,False,True,skybot
c2009o4,C/2009 O4 (Hill),False,True,True,skybot+ponder
c2009p1,C/2009 P1 (Garradd),False,True,True,skybot+ponder
c2009p2,C/2009 P2 (Boattini),False,True,True,skybot+ponder
c2009r1,C/2009 R1 (McNaught),False,True,True,skybot+ponder
c2009s3,C/2009 S3,False,False,True,skybot
c2009t3,C/2009 T3,False,False,True,skybot
c2009u3,C/2009 U3,False,False,True,skybot
c2009u5,C/2009 U5 (Grauer),False,True,True,skybot+ponder
c2009ug89,C/2009 UG89 (Lemmon),True,True,True,skybot+jpl+ponder
c2009w2,C/2009 W2 (Boattini),True,True,True,skybot+jpl+ponder
c2009y1,C/2009 Y1 (Catalina),True,True,True,skybot+jpl+ponder
c2010b1,C/2010 B1 (Cardinal),True,True,True,skybot+jpl+ponder
c2010dg56,C/2010 DG56,False,False,True,skybot
c2010e3,C/2010 E3,False,False,True,skybot
c2010e5,C/2010 E5 (Scotti),False,True,True,skybot+ponder
c2010f1,C/2010 F1 (Boattini),False,True,True,skybot+ponder
c2010f3,C/2010 F3 (Scotti),False,True,True,skybot+ponder
c2010f4,C/2010 F4,False,False,True,skybot
c2010g1,C/2010 G1,False,False,True,skybot
c2010g2,C/2010 G2 (Hill),False,True,False,ponder
c2010g3,C/2010 G3 (WISE),True,True,True,skybot+jpl+ponder
c2010h1,C/2010 H1,False,False,True,skybot
c2010j4,C/2010 J4,False,False,True,skybot
c2010l3,C/2010 L3 (Catalina),True,True,True,skybot+jpl+ponder
c2010m1,C/2010 M1 (Gibbs),False,True,False,ponder
c2010r1,C/2010 R1 (LINEAR),True,True,True,skybot+jpl+ponder
c2010s1,C/2010 S1 (LINEAR),False,True,True,skybot+ponder
c2010u3,C/2010 U3,True,False,True,skybot+jpl
c2010x1,C/2010 X1,False,False,True,skybot
c2011a3,C/2011 A3 (Gibbs),True,True,True,skybot+jpl+ponder
c2011c1,C/2011 C1,False,False,True,skybot
c2011c3,C/2011 C3,False,False,True,skybot
c2011f1,C/2011 F1 (LINEAR),False,True,True,skybot+ponder
c2011g1,C/2011 G1,False,False,True,skybot
c2011j2,C/2011 J2 (LINEAR),True,True,True,skybot+jpl+ponder
c2011j2b,C/2011 J2-B,True,True,True,skybot+jpl+ponder
c2011j2c,C/2011 J2-C,False,True,True,skybot+ponder
c2011j3,C/2011 J3,False,False,True,skybot
c2011k1,C/2011 K1,False,False,True,skybot
c2011kp36,C/2011 KP36 (Spacewatch),True,True,True,skybot+jpl+ponder
c2011l3,C/2011 L3,False,False,True,skybot
c2011l4,C/2011 L4 (PANSTARRS),False,True,True,skybot+ponder
c2011l6,C/2011 L6 (Boattini),False,True,True,skybot+ponder
c2011p2,C/2011 P2 (PANSTARRS),True,True,False,jpl+ponder
c2011q1,C/2011 Q1 (PANSTARRS),True,True,True,skybot+jpl+ponder
c2011q2,C/2011 Q2 (McNaught),True,True,True,skybot+jpl+ponder
c2011s2,C/2011 S2,False,False,True,skybot
c2011uf305,C/2011 UF305 (LINEAR),True,True,True,skybot+jpl+ponder
c2011w3,C/2011 W3,False,False,True,skybot
c2011y3,C/2011 Y3 (Boattini),True,True,True,skybot+jpl+ponder
c2012a1,C/2012 A1 (PANSTARRS),False,True,True,skybot+ponder
c2012a2,C/2012 A2 (LINEAR),False,True,True,skybot+ponder
c2012b3,C/2012 B3 (LaSagra),False,True,True,skybot+ponder
c2012bj98,C/2012 BJ98,False,False,True,skybot
c2012c2,C/2012 C2,False,False,True,skybot
c2012ch17,C/2012 CH17,False,False,True,skybot
c2012e1,C/2012 E1 (Hill),True,True,True,skybot+jpl+ponder
c2012e2,C/2012 E2,False,False,True,skybot
c2012e3,C/2012 E3 (PANSTARRS),True,True,True,skybot+jpl+ponder
c2012f3,C/2012 F3,True,False,True,skybot+jpl
c2012j1,C/2012 J1 (Catalina),True,True,True,skybot+jpl+ponder
c2012k1,C/2012 K1 (PANSTARRS),False,True,True,skybot+ponder
c2012k8,C/2012 K8 (Lemmon),True,True,True,skybot+jpl+ponder
c2012ka51,C/2012 KA51 (Palomar),False,True,False,ponder
c2012l1,C/2012 L1,False,False,True,skybot
c2012l2,C/2012 L2 (LINEAR),False,True,True,skybot+ponder
c2012l3,C/2012 L3,False,False,True,skybot
c2012lp26,C/2012 LP26 (Palomar),False,True,True,skybot+ponder
c2012q1,C/2012 Q1 (Kowalski),True,True,True,skybot+jpl+ponder
c2012s3,C/2012 S3 (PANSTARRS),False,True,True,skybot+ponder
c2012s4,C/2012 S4 (PANSTARRS),True,True,True,skybot+jpl+ponder
c2012t4,C/2012 T4,False,False,True,skybot
c2012t6,C/2012 T6,False,False,True,skybot
c2012u1,C/2012 U1 (PANSTARRS),True,True,True,skybot+jpl+ponder
c2012v1,C/2012 V1,False,False,True,skybot
c2012v2,C/2012 V2 (LINEAR),True,True,True,skybot+jpl+ponder
c2012x1,C/2012 X1 (LINEAR),True,True,True,skybot+jpl+ponder
c2012x2,C/2012 X2 (PANSTARRS),False,True,True,skybot+ponder
c2012y1,C/2012 Y1,False,False,True,skybot
c2013b2,C/2013 B2 (Catalina),False,True,True,skybot+ponder
c2013c2,C/2013 C2 (Tenagra),False,True,True,skybot+ponder
c2013d1,C/2013 D1,False,False,True,skybot
c2013e2,C/2013 E2,False,False,True,skybot
c2013f1,C/2013 F1,False,False,True,skybot
c2013f2,C/2013 F2 (Catalina),True,True,True,skybot+jpl+ponder
c2013g3,C/2013 G3 (PANSTARRS),True,True,True,skybot+jpl+ponder
c2013g5,C/2013 G5,False,False,True,skybot
c2013g7,C/2013 G7,True,False,False,jpl
c2013g8,C/2013 G8,True,False,True,skybot+jpl
c2013g9,C/2013 G9 (Tenagra),True,True,True,skybot+jpl+ponder
c2013h1,C/2013 H1,False,False,True,skybot
c2013j6,C/2013 J6,False,False,True,skybot
c2013k1,C/2013 K1,False,False,True,skybot
c2013n4,C/2013 N4,False,False,True,skybot
c2013p2,C/2013 P2 (PANSTARRS),False,True,True,skybot+ponder
c2013p3,C/2013 P3 (Palomar),True,True,True,skybot+jpl+ponder
c2013p4,C/2013 P4 (PANSTARRS),True,True,True,skybot+jpl+ponder
c2013pe67,C/2013 PE67,False,False,True,skybot
c2013r1,C/2013 R1 (Lovejoy),False,True,True,skybot+ponder
c2013s1,C/2013 S1,False,False,True,skybot
c2013tw5,C/2013 TW5 (Spacewatch),False,True,True,skybot+ponder
c2013u1,C/2013 U1,False,False,True,skybot
c2013u2,C/2013 U2 (Holvorcem),True,True,True,skybot+jpl+ponder
c2013uq4,C/2013 UQ4,False,False,True,skybot
c2013v1,C/2013 V1 (Boattini),True,True,True,skybot+jpl+ponder
c2013v2,C/2013 V2 (Borisov),True,True,True,skybot+jpl+ponder
c2013v4,C/2013 V4 (Catalina),True,True,True,skybot+jpl+ponder
c2013w2,C/2013 W2 (PANSTARRS),True,True,True,skybot+jpl+ponder
c2013x1,C/2013 X1 (PANSTARRS),False,True,True,skybot+ponder
c2014a5,C/2014 A5 (PANSTARRS),True,True,True,skybot+jpl+ponder
c2014b1,C/2014 B1 (Schwartz),False,True,True,skybot+ponder
c2014c2,C/2014 C2,False,False,True,skybot
c2014e2,C/2014 E2 (Jacques),False,True,True,skybot+ponder
c2014f2,C/2014 F2 (Tenagra),True,True,True,skybot+jpl+ponder
c2014g1,C/2014 G1 (PANSTARRS),False,True,True,skybot+ponder
c2014g3,C/2014 G3 (PANSTARRS),True,True,True,skybot+jpl+ponder
c2014h1,C/2014 H1,False,False,True,skybot
c2014hu195,C/2014 HU195,False,False,True,skybot
c2014l5,C/2014 L5 (Lemmon),True,True,True,skybot+jpl+ponder
c2014m2,C/2014 M2,True,False,False,jpl
c2014m3,C/2014 M3,False,False,True,skybot
c2014og392,C/2014 OG392,False,False,True,skybot
c2014q1,C/2014 Q1 (PANSTARRS),False,True,True,skybot+ponder
c2014q2,C/2014 Q2 (Lovejoy),False,True,True,skybot+ponder
c2014q3,C/2014 Q3,False,False,True,skybot
c2014r1,C/2014 R1 (Borisov),True,True,True,skybot+jpl+ponder
c2014r3,C/2014 R3 (PANSTARRS),True,True,True,skybot+jpl+ponder
c2014r4,C/2014 R4,False,False,True,skybot
c2014s2,C/2014 S2 (PANSTARRS),True,True,True,skybot+jpl+ponder
c2014s3,C/2014 S3,False,False,True,skybot
c2014u3,C/2014 U3,False,False,True,skybot
c2014w10,C/2014 W10 (PANSTARRS),False,True,False,ponder
c2014w11,C/2014 W11 (PANSTARRS),False,True,True,skybot+ponder
c2014w2,C/2014 W2 (PANSTARRS),True,True,True,skybot+jpl+ponder
c2014w3,C/2014 W3 (PANSTARRS),True,True,True,skybot+jpl+ponder
c2014w6,C/2014 W6 (Catalina),False,True,True,skybot+ponder
c2014w8,C/2014 W8 (PANSTARRS),False,True,True,skybot+ponder
c2014w9,C/2014 W9,False,False,True,skybot
c2014xb8,C/2014 XB8,False,False,True,skybot
c2014y1,C/2014 Y1 (PANSTARRS),False,True,True,skybot+ponder
c2015a2,C/2015 A2 (PANSTARRS),False,True,True,skybot+ponder
c2015d2,C/2015 D2 (PANSTARRS),True,True,True,skybot+jpl+ponder
c2015er61,C/2015 ER61,False,False,True,skybot
c2015er61b,C/2015 ER61B,False,False,True,skybot
c2015f3,C/2015 F3,False,False,True,skybot
c2015f4,C/2015 F4 (Jacques),False,True,True,skybot+ponder
c2015f5,C/2015 F5,False,False,True,skybot
c2015gx,C/2015 GX,False,False,True,skybot
c2015h1,C/2015 H1,False,False,True,skybot
c2015j2,C/2015 J2,True,False,True,skybot+jpl
c2015k2,C/2015 K2,False,False,True,skybot
c2015m1,C/2015 M1,False,False,True,skybot
c2015m3,C/2015 M3 (PANSTARRS),False,True,True,skybot+ponder
c2015o1,C/2015 O1 (PANSTARRS),True,True,True,skybot+jpl+ponder
c2015p3,C/2015 P3,False,False,True,skybot
c2015r1,C/2015 R1,True,False,False,jpl
c2015t2,C/2015 T2 (PANSTARRS),True,True,True,skybot+jpl+ponder
c2015t5,C/2015 T5 (Sheppard-Tholen),False,True,True,skybot+ponder
c2015tq209,C/2015 TQ209 (LINEAR),True,True,True,skybot+jpl+ponder
c2015v1,C/2015 V1 (PANSTARRS),True,True,True,skybot+jpl+ponder
c2015v2,C/2015 V2 (Johnson),False,True,True,skybot+ponder
c2015vl62,C/2015 VL62 (Lemmon-Yeung-PANSTARRS),False,True,False,ponder
c2015w1,C/2015 W1,False,False,True,skybot
c2015wz,C/2015 WZ,False,False,True,skybot
c2015x2,C/2015 X2,False,False,True,skybot
c2015x4,C/2015 X4 (Elenin),False,True,True,skybot+ponder
c2015x7,C/2015 X7,False,False,True,skybot
c2015x8,C/2015 X8,False,False,True,skybot
c2015xy1,C/2015 XY1 (Lemmon),True,True,True,skybot+jpl+ponder
c2015y1,C/2015 Y1 (LINEAR),True,True,True,skybot+jpl+ponder
c2015yg1,C/2015 YG1,False,False,True,skybot
c2015yy6,C/2015 YY6,False,False,True,skybot
c2016a6,C/2016 A6,False,False,True,skybot
c2016a8,C/2016 A8 (LINEAR),True,True,True,skybot+jpl+ponder
c2016c2,C/2016 C2,False,False,True,skybot
c2016ka,C/2016 KA (Catalina),True,True,True,skybot+jpl+ponder
c2016m1,C/2016 M1 (PANSTARRS),False,True,True,skybot+ponder
c2016n4,C/2016 N4 (MASTER),False,True,True,skybot+ponder
c2016n6,C/2016 N6 (PANSTARRS),True,True,True,skybot+jpl+ponder
c2016q2,C/2016 Q2,False,False,True,skybot
c2016q4,C/2016 Q4 (Kowalski),False,True,True,skybot+ponder
c2016r2,C/2016 R2 (PANSTARRS),True,True,True,skybot+jpl+ponder
c2016r3,C/2016 R3,False,False,True,skybot
c2016t1,C/2016 T1,False,False,True,skybot
c2016t2,C/2016 T2,False,False,True,skybot
c2016t3,C/2016 T3 (PANSTARRS),False,True,True,skybot+ponder
c2016u1,C/2016 U1,False,False,True,skybot
c2016vz18,C/2016 VZ18,False,False,True,skybot
c2016x1,C/2016 X1 (Lemmon),True,True,True,skybot+jpl+ponder
c2017a1,C/2017 A1,False,False,True,skybot
c2017ab5,C/2017 AB5 (PANSTARRS),True,True,True,skybot+jpl+ponder
c2017c1,C/2017 C1,False,False,True,skybot
c2017c2,C/2017 C2,False,False,True,skybot
c2017e1,C/2017 E1,False,False,True,skybot
c2017e2,C/2017 E2 (Tsuchinshan),False,True,True,skybot+ponder
c2017e4,C/2017 E4,False,False,True,skybot
c2017f1,C/2017 F1 (Lemmon),False,True,True,skybot+ponder
c2017f2,C/2017 F2 (PANSTARRS),False,True,True,skybot+ponder
c2017g3,C/2017 G3,False,False,True,skybot
c2017k5,C/2017 K5 (PANSTARRS),False,True,True,skybot+ponder
c2017m3,C/2017 M3 (PANSTARRS),False,True,True,skybot+ponder
c2017m4,C/2017 M4 (ATLAS),False,True,True,skybot+ponder
c2017m5,C/2017 M5 (TOTAS),True,True,True,skybot+jpl+ponder
c2017o1,C/2017 O1 (ASASSN),False,True,True,skybot+ponder
c2017p2,C/2017 P2 (PANSTARRS),False,True,True,skybot+ponder
c2017s6,C/2017 S6,False,False,True,skybot
c2017s7,C/2017 S7 (Lemmon),True,True,True,skybot+jpl+ponder
c2017t1,C/2017 T1,False,False,True,skybot
c2017t2,C/2017 T2 (PANSTARRS),False,True,True,skybot+ponder
c2017u2,C/2017 U2 (Fuls),False,True,True,skybot+ponder
c2017u4,C/2017 U4 (PANSTARRS),False,True,True,skybot+ponder
c2017u5,C/2017 U5 (PANSTARRS),False,True,True,skybot+ponder
c2017w2,C/2017 W2 (Leonard),True,True,True,skybot+jpl+ponder
c2017x1,C/2017 X1 (PANSTARRS),True,True,True,skybot+jpl+ponder
c2017y1,C/2017 Y1 (PANSTARRS),False,True,True,skybot+ponder
c2017y2,C/2017 Y2,True,False,True,skybot+jpl
c2018a1,C/2018 A1 (PANSTARRS),False,True,True,skybot+ponder
c2018a3,C/2018 A3 (ATLAS),True,True,True,skybot+jpl+ponder
c2018a4,C/2018 A4 (PANSTARRS),True,True,False,jpl+ponder
c2018b1,C/2018 B1 (Lemmon),False,True,True,skybot+ponder
c2018c2,C/2018 C2,True,False,True,skybot+jpl
c2018do4,C/2018 DO4 (Lemmon),True,True,True,skybot+jpl+ponder
c2018ef9,C/2018 EF9,False,False,True,skybot
c2018en4,C/2018 EN4,False,False,True,skybot
c2018f1,C/2018 F1 (Grauer),False,True,True,skybot+ponder
c2018kj3,C/2018 KJ3,True,False,True,skybot+jpl
c2018l2,C/2018 L2 (ATLAS),True,True,True,skybot+jpl+ponder
c2018m1,C/2018 M1,False,False,True,skybot
c2018o1,C/2018 O1,False,False,True,skybot
c2018p5,C/2018 P5 (PANSTARRS),False,True,True,skybot+ponder
c2018r3,C/2018 R3 (Lemmon),False,True,True,skybot+ponder
c2018r5,C/2018 R5 (Lemmon),False,True,True,skybot+ponder
c2018s3,C/2018 S3 (TESS),False,True,False,ponder
c2018u1,C/2018 U1 (Lemmon),True,True,True,skybot+jpl+ponder
c2018v1,C/2018 V1 (Machholz-Fujikawa-Iwamoto),False,True,True,skybot+ponder
c2018v2,C/2018 V2,False,False,True,skybot
c2018w2,C/2018 W2 (Africano),False,True,True,skybot+ponder
c2018x2,C/2018 X2 (Fitzsimmons),True,True,True,skybot+jpl+ponder
c2018x3,C/2018 X3,False,False,True,skybot
c2018y1,C/2018 Y1 (Iwamoto),False,True,True,skybot+ponder
c2019a9,C/2019 A9,False,False,True,skybot
c2019b3,C/2019 B3 (PANSTARRS),True,True,True,skybot+jpl+ponder
c2019c1,C/2019 C1 (ATLAS),False,True,True,skybot+ponder
c2019d1,C/2019 D1,False,False,True,skybot
c2019e3,C/2019 E3,True,False,True,skybot+jpl
c2019f2,C/2019 F2 (ATLAS),True,True,True,skybot+jpl+ponder
c2019g2,C/2019 G2,False,False,True,skybot
c2019j1,C/2019 J1,False,False,True,skybot
c2019j2,C/2019 J2,False,False,True,skybot
c2019ju6,C/2019 JU6,False,False,True,skybot
c2019k4,C/2019 K4 (Ye),True,True,True,skybot+jpl+ponder
c2019k5,C/2019 K5 (Young),True,True,True,skybot+jpl+ponder
c2019k6,C/2019 K6 (PANSTARRS),False,True,True,skybot+ponder
c2019k8,C/2019 K8 (ATLAS),True,True,True,skybot+jpl+ponder
c2019l2,C/2019 L2,False,False,True,skybot
c2019l3,C/2019 L3,False,False,True,skybot
c2019lb7,C/2019 LB7,False,False,True,skybot
c2019m3,C/2019 M3 (ATLAS),True,True,True,skybot+jpl+ponder
c2019n1,C/2019 N1,False,False,True,skybot
c2019nj3,C/2019 NJ3 (Lemmon),False,True,True,skybot+ponder
c2019o2,C/2019 O2,False,False,True,skybot
c2019q1,C/2019 Q1 (Lemmon),False,True,True,skybot+ponder
c2019q3,C/2019 Q3 (PANSTARRS),False,True,True,skybot+ponder
c2019s4,C/2019 S4 (Lemmon),False,True,True,skybot+ponder
c2019t2,C/2019 T2,False,False,True,skybot
c2019t3,C/2019 T3 (ATLAS),True,True,True,skybot+jpl+ponder
c2019u5,C/2019 U5,False,False,True,skybot
c2019v1,C/2019 V1 (Borisov),False,True,True,skybot+ponder
c2019y1,C/2019 Y1,False,False,True,skybot
c2019y4,C/2019 Y4 (ATLAS),True,True,True,skybot+jpl+ponder
c2019y4a,C/2019 Y4-A (ATLAS),False,True,True,skybot+ponder
c2019y4b,C/2019 Y4-B (ATLAS),False,True,True,skybot+ponder
c2019y4c,C/2019 Y4-C (ATLAS),False,True,True,skybot+ponder
c2019y4d,C/2019 Y4-D,True,False,True,skybot+jpl
c2019y4e,C/2019 Y4-E,False,False,True,skybot
c2020a2,C/2020 A2,False,False,True,skybot
c2020a3,C/2020 A3,False,False,True,skybot
c2020b2,C/2020 B2 (Lemmon),False,True,True,skybot+ponder
c2020f3,C/2020 F3 (NEOWISE),False,True,True,skybot+ponder
c2020f7,C/2020 F7 (Lemmon),False,True,True,skybot+ponder
c2020f8,C/2020 F8 (SWAN),False,True,True,skybot+ponder
c2020h11,C/2020 H11 (PANSTARRS-Lemmon),False,True,True,skybot+ponder
c2020h2,C/2020 H2,False,False,True,skybot
c2020h4,C/2020 H4,False,False,True,skybot
c2020h5,C/2020 H5,False,False,True,skybot
c2020h7,C/2020 H7 (Lemmon),False,True,True,skybot+ponder
c2020h8,C/2020 H8 (PANSTARRS),True,True,True,skybot+jpl+ponder
c2020k1,C/2020 K1,False,False,True,skybot
c2020k3,C/2020 K3,False,False,True,skybot
c2020k8,C/2020 K8,False,False,True,skybot
c2020m3,C/2020 M3,False,False,True,skybot
c2020m5,C/2020 M5 (ATLAS),True,True,True,skybot+jpl+ponder
c2020n1,C/2020 N1 (PANSTARRS),False,True,True,skybot+ponder
c2020p1,C/2020 P1,False,False,True,skybot
c2020p3,C/2020 P3 (ATLAS),True,True,True,skybot+jpl+ponder
c2020p4a,C/2020 P4-A (SOHO),False,True,True,skybot+ponder
c2020pv6,C/2020 PV6 (PANSTARRS),True,True,True,skybot+jpl+ponder
c2020q1,C/2020 Q1 (Borisov),False,True,True,skybot+ponder
c2020q2,C/2020 Q2 (PANSTARRS),False,True,True,skybot+ponder
c2020r2,C/2020 R2 (PANSTARRS),False,True,True,skybot+ponder
c2020r4,C/2020 R4,True,False,True,skybot+jpl
c2020s2,C/2020 S2,False,False,True,skybot
c2020s3,C/2020 S3,True,False,True,skybot+jpl
c2020s4,C/2020 S4 (PANSTARRS),False,True,True,skybot+ponder
c2020s8,C/2020 S8 (Lemmon),True,True,True,skybot+jpl+ponder
c2020t2,C/2020 T2 (Palomar),True,True,True,skybot+jpl+ponder
c2020t4,C/2020 T4 (PANSTARRS),False,True,True,skybot+ponder
c2020t5,C/2020 T5,False,False,True,skybot
c2020u3,C/2020 U3,False,False,True,skybot
c2020u4,C/2020 U4 (PANSTARRS),True,True,True,skybot+jpl+ponder
c2020u5,C/2020 U5 (PANSTARRS),False,True,True,skybot+ponder
c2020v2,C/2020 V2,False,False,True,skybot
c2020w5,C/2020 W5,False,False,True,skybot
c2020x2,C/2020 X2 (ATLAS),False,True,False,ponder
c2020x3,C/2020 X3,False,False,True,skybot
c2020x4,C/2020 X4 (Leonard),False,True,True,skybot+ponder
c2021a1,C/2021 A1 (Leonard),False,True,True,skybot+ponder
c2021a10,C/2021 A10,False,False,True,skybot
c2021a4,C/2021 A4,False,False,True,skybot
c2021a9,C/2021 A9,False,False,True,skybot
c2021b2,C/2021 B2,False,False,True,skybot
c2021c5,C/2021 C5 (PANSTARRS),False,True,True,skybot+ponder
c2021c6,C/2021 C6 (Lemmon),False,True,True,skybot+ponder
c2021d1,C/2021 D1 (SWAN),True,True,True,skybot+jpl+ponder
c2021d2,C/2021 D2 (ZTF),False,True,True,skybot+ponder
c2021e3,C/2021 E3,False,False,True,skybot
c2021f1,C/2021 F1 (Lemmon-PANSTARRS),False,True,True,skybot+ponder
c2021g1,C/2021 G1 (Leonard),False,True,True,skybot+ponder
c2021g2,C/2021 G2,True,False,True,skybot+jpl
c2021j1,C/2021 J1,False,False,True,skybot
c2021j2,C/2021 J2 (PANSTARRS),False,True,True,skybot+ponder
c2021k1,C/2021 K1 (ATLAS),True,True,True,skybot+jpl+ponder
c2021k3,C/2021 K3 (Catalina),False,True,True,skybot+ponder
c2021o1,C/2021 O1 (Nishimura),False,True,True,skybot+ponder
c2021p2,C/2021 P2 (PANSTARRS),False,True,True,skybot+ponder
c2021p4,C/2021 P4 (ATLAS),True,True,True,skybot+jpl+ponder
c2021q3,C/2021 Q3 (ATLAS),True,True,True,skybot+jpl+ponder
c2021q4,C/2021 Q4,False,False,True,skybot
c2021q6,C/2021 Q6 (PANSTARRS),False,True,True,skybot+ponder
c2021qm45,C/2021 QM45 (PANSTARRS),False,True,True,skybot+ponder
c2021r2,C/2021 R2,False,False,True,skybot
c2021r7,C/2021 R7 (PANSTARRS),False,True,True,skybot+ponder
c2021s1,C/2021 S1 (ATLAS),True,True,True,skybot+jpl+ponder
c2021t1,C/2021 T1 (Lemmon),False,True,True,skybot+ponder
c2021u4,C/2021 U4,False,False,True,skybot
c2021u5,C/2021 U5,True,False,False,jpl
c2021v1,C/2021 V1 (Rankin),False,True,True,skybot+ponder
c2021x2,C/2021 X2 (Bok),False,True,True,skybot+ponder
c2021y1,C/2021 Y1 (ATLAS),False,True,True,skybot+ponder
c2022a1,C/2022 A1,False,False,True,skybot
c2022a2,C/2022 A2 (PANSTARRS),True,True,True,skybot+jpl+ponder
c2022a3,C/2022 A3 (Lemmon-ATLAS),True,True,True,skybot+jpl+ponder
c2022b4,C/2022 B4,False,False,True,skybot
c2022d2,C/2022 D2,False,False,True,skybot
c2022e3,C/2022 E3 (ZTF),False,True,True,skybot+ponder
c2022f1,C/2022 F1 (ATLAS),False,True,True,skybot+ponder
c2022f2,C/2022 F2 (NEOWISE),True,True,False,jpl+ponder
c2022h1,C/2022 H1 (PANSTARRS),False,True,True,skybot+ponder
c2022k1,C/2022 K1 (Leonard),False,True,False,ponder
c2022l1,C/2022 L1,True,False,False,jpl
c2022l4,C/2022 L4 (PANSTARRS),False,True,True,skybot+ponder
c2022p1,C/2022 P1 (NEOWISE),True,True,False,jpl+ponder
c2022q2,C/2022 Q2 (ATLAS),True,True,False,jpl+ponder
c2022r2,C/2022 R2,False,False,True,skybot
c2022r3,C/2022 R3 (Leonard),False,True,True,skybot+ponder
c2022r6,C/2022 R6,True,False,True,skybot+jpl
c2022s4,C/2022 S4 (Lemmon),True,True,True,skybot+jpl+ponder
c2022s5,C/2022 S5 (PANSTARRS),False,True,False,ponder
c2022t1,C/2022 T1 (Lemmon),False,True,True,skybot+ponder
c2022u1,C/2022 U1 (Leonard),True,True,True,skybot+jpl+ponder
c2022u2,C/2022 U2,True,False,False,jpl
c2022u3,C/2022 U3 (Bok),True,True,True,skybot+jpl+ponder
c2022u4,C/2022 U4 (Bok),False,True,False,ponder
c2022v2,C/2022 V2 (Lemmon),False,True,False,ponder
c2022w2,C/2022 W2 (ATLAS),False,True,True,skybot+ponder
c2022w3,C/2022 W3 (Leonard),False,True,False,ponder
c2022y1,C/2022 Y1 (Hogan),False,True,False,ponder
c2022y2,C/2022 Y2 (Lemmon),False,True,True,skybot+ponder
c2023a1,C/2023 A1 (Leonard),True,True,False,jpl+ponder
c2023a2,C/2023 A2 (SWAN),False,True,False,ponder
c2023e1,C/2023 E1 (ATLAS),False,True,True,skybot+ponder
c2023f2,C/2023 F2 (SOHO),False,True,False,ponder
c2023f3,C/2023 F3,True,False,True,skybot+jpl
c2023h2,C/2023 H2 (Lemmon),False,True,False,ponder
c2023h3,C/2023 H3 (PANSTARRS),False,True,True,skybot+ponder
c2023p1,C/2023 P1 (Nishimura),False,True,False,ponder
c2023q1,C/2023 Q1 (PANSTARRS),True,True,True,skybot+jpl+ponder
c2023q2,C/2023 Q2 (PANSTARRS),False,True,True,skybot+ponder
c2023r1,C/2023 R1,True,False,True,skybot+jpl
c2023r1b,C/2023 R1-B,False,True,False,ponder
c2023rn3,C/2023 RN3 (ATLAS),False,True,False,ponder
c2023t2,C/2023 T2 (Borisov),True,True,True,skybot+jpl+ponder
c2023t3,C/2023 T3,True,False,True,skybot+jpl
c2023td22,C/2023 TD22 (Lemmon),True,True,True,skybot+jpl+ponder
c2023u1,C/2023 U1 (Fuls),False,True,True,skybot+ponder
c2023v4,C/2023 V4 (Camarasa-Duszanowicz),True,True,False,jpl+ponder
c2023v5,C/2023 V5,False,False,True,skybot
c2023x4,C/2023 X4 (Hogan),False,True,True,skybot+ponder
c2024b1,C/2024 B1 (Lemmon),True,True,True,skybot+jpl+ponder
c2024c1,C/2024 C1 (PANSTARRS),False,True,True,skybot+ponder
c2024c3,C/2024 C3 (PANSTARRS),False,True,True,skybot+ponder
c2024f2,C/2024 F2 (PANSTARRS),False,True,True,skybot+ponder
c2024g1,C/2024 G1 (Wierzchos),False,True,True,skybot+ponder
c2024g2,C/2024 G2,True,False,True,skybot+jpl
c2024g3,C/2024 G3 (ATLAS),True,True,True,skybot+jpl+ponder
c2024g4,C/2024 G4,False,False,True,skybot
c2024g5,C/2024 G5 (Leonard),False,True,True,skybot+ponder
c2024g6,C/2024 G6,True,False,True,skybot+jpl
c2024g7,C/2024 G7,False,False,True,skybot
c2024j2,C/2024 J2 (Wierzchos),True,True,True,skybot+jpl+ponder
c2024j3,C/2024 J3,True,False,False,jpl
c2024j4,C/2024 J4 (Lemmon),True,True,True,skybot+jpl+ponder
c2024l1,C/2024 L1 (PANSTARRS),False,True,True,skybot+ponder
c2024l2,C/2024 L2 (PANSTARRS),False,True,True,skybot+ponder
c2024l5,C/2024 L5,True,False,True,skybot+jpl
c2024pn7,C/2024 PN7 (PANSTARRS),False,True,True,skybot+ponder
c2024q3,C/2024 Q3,False,False,True,skybot
c2024q4,C/2024 Q4 (PANSTARRS),False,True,True,skybot+ponder
c2024s1,C/2024 S1 (ATLAS),False,True,False,ponder
c2024t5,C/2024 T5,True,False,False,jpl
c2024u1,C/2024 U1 (PANSTARRS),False,True,False,ponder
c2024v1,C/2024 V1 (Borisov),False,True,True,skybot+ponder
c2024w1,C/2024 W1 (PANSTARRS),False,True,True,skybot+ponder
c2024x1,C/2024 X1 (Fazekas),False,True,True,skybot+ponder
c2024x2,C/2024 X2,False,False,True,skybot
c2024xk14,C/2024 XK14 (Bok),False,True,True,skybot+ponder
c2025a3,C/2025 A3 (Tsuchinshan),False,True,True,skybot+ponder
c2025a4,C/2025 A4 (PANSTARRS),False,True,True,skybot+ponder
c2025a6,C/2025 A6 (Lemmon),False,True,True,skybot+ponder
c2025d5,C/2025 D5,False,False,True,skybot
c2025e1,C/2025 E1 (PANSTARRS),False,True,True,skybot+ponder
c2025k2,C/2025 K2,False,False,True,skybot
c2025k4,C/2025 K4 (Siverd),False,True,False,ponder
c2025l1,C/2025 L1,False,False,True,skybot
c2025l2,C/2025 L2 (MAPS),False,True,False,ponder
c2025m1,C/2025 M1,False,False,True,skybot
c2025m2,C/2025 M2 (PANSTARRS),False,True,True,skybot+ponder
c2025m3,C/2025 M3 (PANSTARRS),False,True,True,skybot+ponder
c2025n2,C/2025 N2,False,False,True,skybot
c2025o2,C/2025 O2 (MAPS),False,True,True,skybot+ponder
c2025q1,C/2025 Q1,False,False,True,skybot
c2025q3,C/2025 Q3,True,False,True,skybot+jpl
c2025r1,C/2025 R1 (ATLAS),True,True,True,skybot+jpl+ponder
c2025t1,C/2025 T1 (ATLAS),True,True,True,skybot+jpl+ponder
c2025v1,C/2025 V1 (Borisov),False,True,True,skybot+ponder
c2025v2,C/2025 V2,False,False,True,skybot
c2025w1,C/2025 W1 (Sankovich),False,True,True,skybot+ponder
c2025y1,C/2025 Y1,True,False,False,jpl
c2025y3,C/2025 Y3 (PANSTARRS),False,True,False,ponder
c2026a1,C/2026 A1 (MAPS),False,True,False,ponder
c2026a2,C/2026 A2 (Bok),False,True,False,ponder
c2026a3,C/2026 A3 (PANSTARRS),False,True,False,ponder
c2026az17,C/2026 AZ17 (Bok),False,True,False,ponder
c2026h1,C/2026 H1 (PANSTARRS),False,True,False,ponder
c2026h2,C/2026 H2 (Leonard),False,True,False,ponder
c2026l1,C/2026 L1 (PANSTARRS),False,True,False,ponder
c2026l2,C/2026 L2 (PANSTARRS),False,True,False,ponder
c2026m5,C/2026 M5 (PANSTARRS),False,True,False,ponder
c2026n1,C/2026 N1 (PANSTARRS),False,True,False,ponder
c2026o1,C/2026 O1 (PANSTARRS),False,True,False,ponder
d1952b1,D/1952 B1,False,False,True,skybot
d1977c1,D/1977 C1 (Skiff-Kosai),False,True,False,ponder
d1978r1,D/1978 R1 (Haneda-Campos),False,True,True,skybot+ponder
d1998y1,D/1998 Y1,False,False,True,skybot
d1999g1,D/1999 G1,False,False,True,skybot
p1991l3,P/1991 L3,False,False,True,skybot
p1996r2,P/1996 R2 (Lagerkvist),True,True,True,skybot+jpl+ponder
p1998vs24,P/1998 VS24,True,False,True,skybot+jpl
p1999e1,P/1999 E1,False,False,True,skybot
p1999ro28,P/1999 RO28,False,False,True,skybot
p1999xs87,P/1999 XS87,False,False,True,skybot
p2000r2,P/2000 R2 (LINEAR),False,True,False,ponder
p2001h5,P/2001 H5 (NEAT),False,True,False,ponder
p2001q6,P/2001 Q6,False,False,True,skybot
p2002ej57,P/2002 EJ57 (LINEAR),False,True,True,skybot+ponder
p2002t6,P/2002 T6,False,False,True,skybot
p2003f2,P/2003 F2,True,False,True,skybot+jpl
p2003l1,P/2003 L1 (Scotti),False,True,False,ponder
p2003qx29,P/2003 QX29,False,False,True,skybot
p2003t12,P/2003 T12 (SOHO),False,True,False,ponder
p2004a1,P/2004 A1,False,False,True,skybot
p2004do29,P/2004 DO29,False,False,True,skybot
p2004fy140,P/2004 FY140,False,False,True,skybot
p2004r3,P/2004 R3 (LINEAR-NEAT),False,True,True,skybot+ponder
p2005e1,P/2005 E1 (Tubbiolo),True,True,True,skybot+jpl+ponder
p2005l1,P/2005 L1 (McNaught),True,True,True,skybot+jpl+ponder
p2005s2,P/2005 S2 (Skiff),True,True,True,skybot+jpl+ponder
p2005t3,P/2005 T3 (Read),True,True,True,skybot+jpl+ponder
p2005t4,P/2005 T4,False,False,True,skybot
p2005t5,P/2005 T5,True,False,True,skybot+jpl
p2006f2,P/2006 F2,False,False,True,skybot
p2006hr30,P/2006 HR30 (Siding Spring),False,True,True,skybot+ponder
p2006u7,P/2006 U7,False,False,True,skybot
p2007a2,P/2007 A2,False,False,True,skybot
p2007k2,P/2007 K2 (Gibbs),True,True,True,skybot+jpl+ponder
p2007q2,P/2007 Q2,True,False,True,skybot+jpl
p2007s1,P/2007 S1 (Zhao),True,True,True,skybot+jpl+ponder
p2007s2,P/2007 S2,False,False,True,skybot
p2007sa24,P/2007 SA24,False,False,True,skybot
p2007t2,P/2007 T2,False,False,True,skybot
p2008l2,P/2008 L2,False,False,True,skybot
p2008o3,P/2008 O3 (Boattini),True,True,True,skybot+jpl+ponder
p2009kf37,P/2009 KF37,False,False,True,skybot
p2009o3,P/2009 O3 (Hill),False,True,True,skybot+ponder
p2009t2,P/2009 T2 (LaSagra),True,True,True,skybot+jpl+ponder
p2009wx51,P/2009 WX51,False,False,True,skybot
p2010a3,P/2010 A3,False,False,True,skybot
p2010c1,P/2010 C1,True,False,True,skybot+jpl
p2010e2,P/2010 E2 (Jarnac),True,True,True,skybot+jpl+ponder
p2010h2,P/2010 H2,False,False,True,skybot
p2010h4,P/2010 H4 (Scotti),True,True,True,skybot+jpl+ponder
p2010jc81,P/2010 JC81 (WISE),True,True,True,skybot+jpl+ponder
p2010lh155,P/2010 LH155,False,False,True,skybot
p2010t2,P/2010 T2,True,False,True,skybot+jpl
p2010u1,P/2010 U1,True,False,True,skybot+jpl
p2010uh55,P/2010 UH55 (Spacewatch),True,True,True,skybot+jpl+ponder
p2010wk,P/2010 WK,False,False,True,skybot
p2011fr143,P/2011 FR143,False,False,True,skybot
p2011jb15,P/2011 JB15 (Spacewatch-Boattini),True,True,True,skybot+jpl+ponder
p2011n1,P/2011 N1 (ASH),False,True,True,skybot+ponder
p2011no1,P/2011 NO1,False,False,True,skybot
p2011p1,P/2011 P1 (McNaught),True,True,True,skybot+jpl+ponder
p2011p2,P/2011 P2,False,False,True,skybot
p2011q3,P/2011 Q3,False,False,True,skybot
p2011s1,P/2011 S1 (Gibbs),True,True,True,skybot+jpl+ponder
p2011ua134,P/2011 UA134,False,False,True,skybot
p2011v1,P/2011 V1 (Boattini),False,True,False,ponder
p2011w1,P/2011 W1 (PANSTARRS),True,True,True,skybot+jpl+ponder
p2011y2,P/2011 Y2 (Boattini),False,True,True,skybot+ponder
p2012a3,P/2012 A3 (SOHO),False,True,True,skybot+ponder
p2012c3,P/2012 C3 (PANSTARRS),True,True,True,skybot+jpl+ponder
p2012f2,P/2012 F2 (PANSTARRS),False,True,True,skybot+ponder
p2012k3,P/2012 K3 (Gibbs),True,True,True,skybot+jpl+ponder
p2012o1,P/2012 O1 (McNaught),False,True,True,skybot+ponder
p2012o3,P/2012 O3,False,False,True,skybot
p2012t2,P/2012 T2,True,False,True,skybot+jpl
p2012t3,P/2012 T3 (PANSTARRS),True,True,True,skybot+jpl+ponder
p2012u2,P/2012 U2 (PANSTARRS),True,True,True,skybot+jpl+ponder
p2012wa34,P/2012 WA34,False,False,True,skybot
p2013al76,P/2013 AL76 (Catalina),True,True,True,skybot+jpl+ponder
p2013g1,P/2013 G1 (Kowalski),False,True,True,skybot+ponder
p2013g4,P/2013 G4 (PANSTARRS),True,True,True,skybot+jpl+ponder
p2013j2,P/2013 J2 (McNaught),False,True,True,skybot+ponder
p2013n3,P/2013 N3 (PANSTARRS),True,True,True,skybot+jpl+ponder
p2013n5,P/2013 N5,False,False,True,skybot
p2013p1,P/2013 P1 (PANSTARRS),False,True,True,skybot+ponder
p2013r3,P/2013 R3 (Catalina-PANSTARRS),True,True,True,skybot+jpl+ponder
p2013r3a,P/2013 R3-A (Catalina-PANSTARRS),False,True,True,skybot+ponder
p2013r3b,P/2013 R3-B (Catalina-PANSTARRS),True,True,True,skybot+jpl+ponder
p2013t1,P/2013 T1 (PANSTARRS),True,True,True,skybot+jpl+ponder
p2013t2,P/2013 T2 (Schwartz),True,True,True,skybot+jpl+ponder
p2013v3,P/2013 V3,False,False,True,skybot
p2013w1,P/2013 W1 (PANSTARRS),True,True,True,skybot+jpl+ponder
p2013yg46,P/2013 YG46 (Spacewatch),False,True,True,skybot+ponder
p2014a2,P/2014 A2 (Hill),False,True,True,skybot+ponder
p2014a3,P/2014 A3,False,False,True,skybot
p2014c1,P/2014 C1,False,False,True,skybot
p2014k3,P/2014 K3,False,False,True,skybot
p2014l2,P/2014 L2 (NEOWISE),True,True,True,skybot+jpl+ponder
p2014l3,P/2014 L3,False,False,True,skybot
p2014m4,P/2014 M4 (PANSTARRS),False,True,True,skybot+ponder
p2014mg4,P/2014 MG4,False,False,True,skybot
p2014o3,P/2014 O3,False,False,True,skybot
p2014r5,P/2014 R5,False,False,True,skybot
p2014u4,P/2014 U4 (PANSTARRS),False,True,True,skybot+ponder
p2014v1,P/2014 V1 (PANSTARRS),False,True,True,skybot+ponder
p2014w1,P/2014 W1,False,False,True,skybot
p2014w4,P/2014 W4 (PANSTARRS),False,True,True,skybot+ponder
p2014x1,P/2014 X1 (Elenin),False,True,True,skybot+ponder
p2015a3,P/2015 A3,False,False,True,skybot
p2015b1,P/2015 B1 (PANSTARRS),True,True,True,skybot+jpl+ponder
p2015b4,P/2015 B4 (Lemmon-PANSTARRS),False,True,True,skybot+ponder
p2015c1,P/2015 C1 (TOTAS-Gibbs),True,True,True,skybot+jpl+ponder
p2015cd60,P/2015 CD60,False,False,True,skybot
p2015d5,P/2015 D5 (Kowalski),False,True,True,skybot+ponder
p2015d6,P/2015 D6 (Lemmon-PANSTARRS),False,True,True,skybot+ponder
p2015hg16,P/2015 HG16,False,False,True,skybot
p2015k5,P/2015 K5 (PANSTARRS),False,True,True,skybot+ponder
p2015m2,P/2015 M2 (PANSTARRS),True,True,True,skybot+jpl+ponder
p2015p4,P/2015 P4 (PANSTARRS),True,True,True,skybot+jpl+ponder
p2015pd229,P/2015 PD229,True,False,True,skybot+jpl
p2015r1,P/2015 R1 (PANSTARRS),False,True,True,skybot+ponder
p2015r2,P/2015 R2 (PANSTARRS),False,True,True,skybot+ponder
p2015t3,P/2015 T3,False,False,True,skybot
p2015tp200,P/2015 TP200 (LINEAR),True,True,True,skybot+jpl+ponder
p2015w2,P/2015 W2 (Catalina),True,True,True,skybot+jpl+ponder
p2015x1,P/2015 X1,False,False,True,skybot
p2015x3,P/2015 X3 (PANSTARRS),False,True,True,skybot+ponder
p2015x6,P/2015 X6 (PANSTARRS),False,True,True,skybot+ponder
p2016a3,P/2016 A3 (PANSTARRS),True,True,True,skybot+jpl+ponder
p2016a7,P/2016 A7 (PANSTARRS),False,True,True,skybot+ponder
p2016ba14,P/2016 BA14,False,False,True,skybot
p2016g1,P/2016 G1 (PANSTARRS),False,True,True,skybot+ponder
p2016j1a,P/2016 J1-A,False,False,True,skybot
p2016j1b,P/2016 J1-B,False,False,True,skybot
p2016p1,P/2016 P1,False,False,True,skybot
p2016p2,P/2016 P2,False,False,True,skybot
p2016p5,P/2016 P5 (COIAS),False,True,True,skybot+ponder
p2016r4,P/2016 R4 (Gibbs),False,True,True,skybot+ponder
p2016wm48,P/2016 WM48,False,False,True,skybot
p2017b5,P/2017 B5,False,False,True,skybot
p2017d1,P/2017 D1 (Fuls),False,True,True,skybot+ponder
p2017d4,P/2017 D4 (PANSTARRS),False,True,True,skybot+ponder
p2017g1,P/2017 G1 (PANSTARRS),False,True,True,skybot+ponder
p2017g2,P/2017 G2 (PANSTARRS),True,True,True,skybot+jpl+ponder
p2017p1,P/2017 P1 (PANSTARRS),False,True,True,skybot+ponder
p2017s9,P/2017 S9,False,False,True,skybot
p2017tw13,P/2017 TW13,False,False,True,skybot
p2017u3,P/2017 U3 (PANSTARRS),False,True,False,ponder
p2017y3,P/2017 Y3,False,False,True,skybot
p2018a4,P/2018 A4,False,False,True,skybot
p2018a5,P/2018 A5 (PANSTARRS),False,True,True,skybot+ponder
p2018c1,P/2018 C1 (Lemmon-Read),True,True,True,skybot+jpl+ponder
p2018l4,P/2018 L4,False,False,True,skybot
p2018l5,P/2018 L5,False,False,True,skybot
p2018p3,P/2018 P3,False,False,True,skybot
p2018p4,P/2018 P4 (PANSTARRS),True,True,True,skybot+jpl+ponder
p2018v5,P/2018 V5 (Trujillo-Sheppard),False,True,True,skybot+ponder
p2018y2,P/2018 Y2 (Africano),True,True,True,skybot+jpl+ponder
p2019a1,P/2019 A1 (PANSTARRS),False,True,True,skybot+ponder
p2019a2,P/2019 A2 (ATLAS),True,True,True,skybot+jpl+ponder
p2019a4,P/2019 A4 (PANSTARRS),False,True,True,skybot+ponder
p2019a6,P/2019 A6 (Lemmon-PANSTARRS),False,True,True,skybot+ponder
p2019b2,P/2019 B2 (Groeller),True,True,True,skybot+jpl+ponder
p2019gg21,P/2019 GG21 (PANSTARRS),False,True,True,skybot+ponder
p2019ld2,P/2019 LD2 (ATLAS),True,True,True,skybot+jpl+ponder
p2019lm4,P/2019 LM4 (Palomar),False,True,True,skybot+ponder
p2019s2,P/2019 S2 (PANSTARRS),False,True,True,skybot+ponder
p2019s3,P/2019 S3 (PANSTARRS),False,True,True,skybot+ponder
p2019t5,P/2019 T5,False,False,True,skybot
p2019t6,P/2019 T6 (PANSTARRS),False,True,True,skybot+ponder
p2019u4,P/2019 U4 (PANSTARRS),False,True,True,skybot+ponder
p2019v2,P/2019 V2 (Groeller),True,True,True,skybot+jpl+ponder
p2019w1,P/2019 W1 (PANSTARRS),False,True,True,skybot+ponder
p2019x1,P/2019 X1 (Pruyne),False,True,True,skybot+ponder
p2019x2,P/2019 X2 (Pan-STARRS),False,True,True,skybot+ponder
p2019y3,P/2019 Y3,False,False,True,skybot
p2020b4,P/2020 B4 (Sheppard),False,True,True,skybot+ponder
p2020f1,P/2020 F1,False,False,True,skybot
p2020f4,P/2020 F4,False,False,True,skybot
p2020g1,P/2020 G1,True,False,True,skybot+jpl
p2020k9,P/2020 K9 (Lemmon-PANSTARRS),False,True,True,skybot+ponder
p2020m1,P/2020 M1,False,False,True,skybot
p2020o1,P/2020 O1,False,False,True,skybot
p2020o3,P/2020 O3 (PANSTARRS),False,True,True,skybot+ponder
p2020r5,P/2020 R5 (PANSTARRS),True,True,True,skybot+jpl+ponder
p2020s1,P/2020 S1 (PANSTARRS),False,True,True,skybot+ponder
p2020s5,P/2020 S5 (PANSTARRS),False,True,True,skybot+ponder
p2020s6,P/2020 S6,False,False,True,skybot
p2020s7,P/2020 S7 (PANSTARRS),False,True,True,skybot+ponder
p2020t3,P/2020 T3 (PANSTARRS),False,True,True,skybot+ponder
p2020u2,P/2020 U2 (PANSTARRS),True,True,True,skybot+jpl+ponder
p2020v3,P/2020 V3 (PANSTARRS),False,True,True,skybot+ponder
p2020v4,P/2020 V4 (Rankin),False,True,True,skybot+ponder
p2020w1,P/2020 W1 (Rankin),False,True,True,skybot+ponder
p2020wj5,P/2020 WJ5 (Lemmon),False,True,True,skybot+ponder
p2020x1,P/2020 X1 (ATLAS),False,True,True,skybot+ponder
p2020x2,P/2020 X2,False,False,True,skybot
p2021a5,P/2021 A5 (PANSTARRS),False,True,True,skybot+ponder
p2021c2,P/2021 C2 (PANSTARRS),False,True,True,skybot+ponder
p2021hs,P/2021 HS,False,False,True,skybot
p2021j3,P/2021 J3 (ATLAS),False,True,True,skybot+ponder
p2021l2,P/2021 L2 (Leonard),True,True,True,skybot+jpl+ponder
p2021l4,P/2021 L4,False,False,True,skybot
p2021n1,P/2021 N1 (ZTF),False,True,True,skybot+ponder
p2021n2,P/2021 N2 (Fuls),False,True,True,skybot+ponder
p2021p3,P/2021 P3,False,False,True,skybot
p2021q5,P/2021 Q5 (ATLAS),True,True,True,skybot+jpl+ponder
p2021r1,P/2021 R1 (PANSTARRS),False,True,True,skybot+ponder
p2021r3,P/2021 R3 (PANSTARRS),False,True,True,skybot+ponder
p2021r4,P/2021 R4 (Wierzchos),False,True,True,skybot+ponder
p2021r5,P/2021 R5 (Rankin),True,True,True,skybot+jpl+ponder
p2021r6,P/2021 R6 (Groeller),False,True,True,skybot+ponder
p2021r8,P/2021 R8 (Sheppard),False,True,True,skybot+ponder
p2021tr81,P/2021 TR81,False,False,True,skybot
p2021u1,P/2021 U1 (Wierzchos),False,True,True,skybot+ponder
p2021u3,P/2021 U3 (Attard-Maury),False,True,True,skybot+ponder
p2021v2,P/2021 V2 (Fuls),False,True,True,skybot+ponder
p2022b1,P/2022 B1,False,False,True,skybot
p2022b2,P/2022 B2,False,False,True,skybot
p2022bv9,P/2022 BV9 (Lemmon),False,True,False,ponder
p2022c1,P/2022 C1 (PANSTARRS),False,True,True,skybot+ponder
p2022c2,P/2022 C2 (PANSTARRS),False,True,True,skybot+ponder
p2022c3,P/2022 C3 (PANSTARRS),False,True,True,skybot+ponder
p2022d1,P/2022 D1 (PANSTARRS),False,True,True,skybot+ponder
p2022e1,P/2022 E1,False,False,True,skybot
p2022l3,P/2022 L3,True,False,True,skybot+jpl
p2022o2,P/2022 O2 (PANSTARRS),False,True,False,ponder
p2022p2,P/2022 P2 (ZTF),False,True,False,ponder
p2022r1,P/2022 R1 (PANSTARRS),False,True,True,skybot+ponder
p2022r4,P/2022 R4 (PANSTARRS),False,True,False,ponder
p2022r5,P/2022 R5 (PANSTARRS),False,True,True,skybot+ponder
p2022w1,P/2022 W1 (Rankin),False,True,False,ponder
p2023b1,P/2023 B1,True,False,True,skybot+jpl
p2023b3,P/2023 B3 (PANSTARRS),False,True,False,ponder
p2023m2,P/2023 M2 (PANSTARRS),False,True,False,ponder
p2023m4,P/2023 M4,True,False,False,jpl
p2023s1,P/2023 S1 (PANSTARRS),True,True,True,skybot+jpl+ponder
p2023t1,P/2023 T1 (PANSTARRS),False,True,True,skybot+ponder
p2023v2,P/2023 V2 (PANSTARRS),False,True,True,skybot+ponder
p2023v6,P/2023 V6 (PANSTARRS),False,True,True,skybot+ponder
p2023x3,P/2023 X3 (PANSTARRS),False,True,False,ponder
p2023y1,P/2023 Y1 (Gibbs),False,True,True,skybot+ponder
p2023y2,P/2023 Y2 (Gibbs),False,True,True,skybot+ponder
p2024f1,P/2024 F1 (PANSTARRS),False,True,False,ponder
p2024fg9,P/2024 FG9 (Nanshan-Hahn),False,True,False,ponder
p2024j1,P/2024 J1 (PANSTARRS),False,True,True,skybot+ponder
p2024k1,P/2024 K1 (PANSTARRS),False,True,True,skybot+ponder
p2024oc2,P/2024 OC2,False,False,True,skybot
p2024r2,P/2024 R2 (PANSTARRS),False,True,True,skybot+ponder
p2024s2,P/2024 S2 (Rankin),False,True,True,skybot+ponder
p2024t1,P/2024 T1 (Rankin),False,True,True,skybot+ponder
p2024t2,P/2024 T2 (Rankin),False,True,True,skybot+ponder
p2024x3,P/2024 X3 (PANSTARRS),False,True,True,skybot+ponder
p2025a2,P/2025 A2 (PANSTARRS),False,True,True,skybot+ponder
p2025c1,P/2025 C1 (ATLAS),True,True,True,skybot+jpl+ponder
p2025d2,P/2025 D2 (PANSTARRS),False,True,True,skybot+ponder
p2025d3,P/2025 D3 (PANSTARRS),False,True,True,skybot+ponder
p2025d4,P/2025 D4 (ATLAS),False,True,True,skybot+ponder
p2025u1,P/2025 U1 (Hogan),False,True,True,skybot+ponder
p2025ux109,P/2025 UX109 (Ye),False,True,True,skybot+ponder
p2025w4,P/2025 W4 (PANSTARRS),False,True,False,ponder
p2025y2,P/2025 Y2 (PANSTARRS),False,True,False,ponder
p2026c2,P/2026 C2 (PANSTARRS),False,True,False,ponder
