name_norm,ObjID,detection_rows,nights,visits,first_mjd,last_mjd,brightest_mag,deepest_margin_mag
437p,437P/Lemmon-PANSTARRS,349,8,349,60787.18100050954,61198.11353850365,19.505971753376173,5.494028246623827
c2022s5,C/2022 S5 (PANSTARRS),339,5,339,60787.18100050954,61098.36970110611,23.27742302802788,1.4841339001307468
p2024fg9,P/2024 FG9 (Nanshan-Hahn),325,18,325,60797.27908519586,61233.312373864006,18.43336879916775,6.56552261274604
396p,396P/Leonard,104,12,104,60848.22686032579,61233.31371968706,21.1927578859273,3.8072421140727
c2026n1,C/2026 N1 (PANSTARRS),64,19,64,60848.05883777468,61184.31152764429,16.39161409303044,8.605583887044773
141pimachholz,141P-I/Machholz,55,11,55,60803.276271973744,60912.93504996497,21.8748106882794,3.0977332014834005
141phmachholz,141P-H/Machholz,51,11,51,60803.28206475732,60912.93504996497,22.73590884994263,2.2412342340835885
d1977c1,D/1977 C1 (Skiff-Kosai),50,13,50,60825.27173732202,61232.32667303552,19.232154649105208,5.755451025535113
c2015vl62,C/2015 VL62 (Lemmon-Yeung-PANSTARRS),46,7,46,60853.962054655225,61172.14243396792,20.935863244142205,3.8564304278359316
141pamachholz,141P-A/Machholz,43,11,43,60803.27529054415,60912.93504996497,16.520081939220038,8.474000510881861
75d,75D/Kohoutek,43,5,43,60856.13831049717,60878.06053120551,16.427270383823952,8.549860862590993
157pbtritton,157P-B/Tritton,42,16,42,60848.05837275508,61234.27431682731,21.180715335497364,3.8156799336758525
p2024f1,P/2024 F1 (PANSTARRS),42,17,42,60851.04785619211,61234.285839919474,21.637425187217403,3.362574812782597
5d,5D/Brorsen,37,12,37,60849.19667060488,61230.31344555831,17.574141504836152,7.409892109939374
c1968n1,C/1968 N1 (Honda),36,12,36,60807.06461327873,61234.09849135904,23.217834344604515,1.636359107431172
p2022p2,P/2022 P2 (ZTF),35,8,35,60802.13525666996,61234.11385670305,19.99174430675857,4.96860137276569
p2023b3,P/2023 B3 (PANSTARRS),35,13,35,60800.12230931712,61233.13189494238,17.07541593097919,7.924498190901154
c2022u4,C/2022 U4 (Bok),33,12,33,60859.23305876274,61232.381853055216,18.644124498071,6.355426458718917
c2022w3,C/2022 W3 (Leonard),31,3,31,60894.23482904072,60927.34632983991,21.957408728868387,2.954116253076318
354p,354P/LINEAR,27,10,27,60848.06323413319,60879.23942806712,18.52198293600792,6.468262512596475
c1937d1,C/1937 D1 (Wilk),26,10,26,60880.12931845384,61233.27900253936,22.9955577344928,1.8046018409844606
c1991l3,C/1991 L3 (Levy),23,5,23,60820.04080808625,61172.13973747008,23.886672996400712,0.513860701038169
141pdmachholz,141P-D/Machholz,22,8,22,60803.264475676704,60871.0070275832,16.798590651295527,8.163983534267317
489p,489P/Denning,21,6,21,61095.31179347449,61231.95570036304,16.70457483522964,8.287535538994177
c1967y1,C/1967 Y1 (Ikeya-Seki),20,4,20,60928.26045741468,61060.05871437677,23.759515602042743,1.151561229488582
18d,18D/Perrine-Mrkos,19,8,19,61095.29687948991,61217.98676919565,21.88216550970575,3.0627375823664806
464p,464P/PANSTARRS,19,9,19,60848.29171539239,60930.14503815352,17.04571572659265,7.940887041954628
51paharrington,51P-A/Harrington,19,10,19,61095.2960100202,61217.98727391568,17.17155319728665,7.817576315292875
51pdharrington,51P-D/Harrington,19,10,19,61095.2960100202,61217.98727391568,23.098206636451216,1.8645565988553265
c2012ka51,C/2012 KA51 (Palomar),19,7,19,60834.96988947279,61183.04847017164,22.988369350499923,1.7598210551854407
c2026h1,C/2026 H1 (PANSTARRS),19,11,19,61098.39553738153,61217.9803963746,16.492306434063593,8.507693565936407
c2023f2,C/2023 F2 (SOHO),18,11,18,60807.08163758648,61205.22146249144,19.702317380906734,5.281506340511985
c2025y3,C/2025 Y3 (PANSTARRS),18,3,18,61028.28147484922,61058.13777773968,19.5877575142737,5.403568268912693
p2026c2,P/2026 C2 (PANSTARRS),18,10,18,61028.34792610678,61220.97202160629,18.05385261263752,6.936650549964806
p2022bv9,P/2022 BV9 (Lemmon),17,6,17,60790.09730598005,61172.14109722246,16.318700264779388,8.603656435323327
500p,500P/PANSTARRS,16,7,16,61146.35323610763,61233.28305629688,20.5716346201778,4.4283653798222
c1987p1,C/1987 P1 (Bradfield),16,5,16,61056.24956085394,61088.2237037751,22.136412259168782,2.823597987013315
479p,479P/Elenin,14,9,14,60848.29171539239,60930.1336966958,21.14306695602475,3.85693304397525
c1942ea,C/1942 EA (Vaisala),14,6,14,60876.2866769,60988.09670292866,23.24553931060068,1.5966023301403993
c2026o1,C/2026 O1 (PANSTARRS),14,9,14,60870.30304566306,61233.34798427719,16.952614895085805,8.030574979626493
447p,447P/Sheppard-Tholen,13,7,13,61028.34884802951,61186.97508913,19.464399115597185,5.510516116309553
c1988a1,C/1988 A1 (Liller),13,8,13,60807.07509339089,61154.22243560153,24.05193101737267,0.9064765324843584
c2010g2,C/2010 G2 (Hill),13,3,13,60894.33701952734,61233.179153561134,22.6344633018747,2.3249272646509773
p2003l1,P/2003 L1 (Scotti),13,5,13,60860.33512235201,60877.28475981905,18.05787666561603,6.92907898452011
c2026a1,C/2026 A1 (MAPS),12,2,12,61012.24845299917,61022.35284914217,18.994659545985375,5.984660107562654
c2026l1,C/2026 L1 (PANSTARRS),12,4,12,61203.34607601818,61233.32887963719,16.02773598747629,8.936877896038535
p2003t12,P/2003 T12 (SOHO),12,9,12,61142.242889433175,61231.97125735135,22.952570078924293,1.9907754769811064
3dabiela,3D-A/Biela,11,3,11,61183.40011893819,61233.26339841216,17.379077766793024,7.608624111671936
a2010ln135,A/2010 LN135,11,8,11,61058.26768896636,61218.983171298176,16.016508520398354,8.982758057562197
483papanstarrs,483P-A/PANSTARRS,10,5,10,61032.351452707786,61108.05607813085,18.40224540012796,6.565134157378708
483pbpanstarrs,483P-B/PANSTARRS,10,5,10,61032.351452707786,61108.05607813085,21.895977198331625,3.067587052776858
c1980y2,C/1980 Y2 (Panther),10,5,10,60997.29916717066,61088.17995758681,23.72970220250529,1.2624543042738736
c1987b1,C/1987 B1 (Nishikawa-Takamizawa-Tago),10,8,10,61140.15931896587,61217.97790670396,23.6711632081692,1.3226907886419212
c2020x2,C/2020 X2 (ATLAS),10,7,10,61174.179904395256,61233.07020686987,21.36637286636637,3.5815470520158
c2022y1,C/2022 Y1 (Hogan),10,5,10,61155.2794398768,61234.08063821914,22.45222375067241,2.452371655103814
p2022r4,P/2022 R4 (PANSTARRS),10,6,10,61095.312231954194,61233.98763969774,23.44178909799393,1.3182751548877931
c1993a1,C/1993 A1 (Mueller),9,7,9,61057.372422894005,61152.15976496973,24.267937570006392,0.6339607484109813
c2022k1,C/2022 K1 (Leonard),9,1,9,61016.11826741836,61016.12665609178,21.48472669095889,3.5128271919351164
p2000r2,P/2000 R2 (LINEAR),9,1,9,60912.97124386719,60913.0382242067,20.1160638875664,4.606174080722866
c1966p1,C/1966 P1 (Kilston),8,5,8,61030.27771916148,61144.00574579044,24.133669004409004,0.840432282666697
c1984n1,C/1984 N1 (Austin),8,6,8,60860.33288653848,60988.07113748743,24.49909095026052,0.4216127883319203
p2023x3,P/2023 X3 (PANSTARRS),8,4,8,61098.367889888126,61232.98368022359,21.412953134587124,3.578492988195123
454p,454P/PANSTARRS,7,5,7,61146.41639334244,61234.11246471061,21.154560873429052,3.841784411822257
455p,455P/PANSTARRS,7,6,7,61174.18079710194,61233.07152800356,22.407121965748253,2.204258257876795
c1970n1,C/1970 N1 (Abe),7,2,7,61057.2643984072,61068.20722141956,23.936165052003982,1.055810821591546
c2010m1,C/2010 M1 (Gibbs),7,2,7,61056.26861989173,61057.26705649077,23.36437955033921,1.6085830847622553
c2026h2,C/2026 H2 (Leonard),7,4,7,61156.30854772125,61233.066696530215,16.293396005062455,8.66175575601504
p2025y2,P/2025 Y2 (PANSTARRS),7,6,7,61095.28547438002,61233.98763969774,17.43934906923731,7.556103193387731
507p,507P/Lemmon,6,3,6,61033.306881809614,61108.05651194976,20.778518487992397,4.203388744067578
96pbmachholz,96P-B/Machholz,6,3,6,60894.3052507653,61182.43551988575,20.47839476095468,4.515562098164047
c1978c1,C/1978 C1 (Bradfield),6,3,6,61057.19904711005,61088.13513740424,22.52506460273253,2.3707943685991033
c1999xs87,C/1999 XS87 (LINEAR),6,5,6,61151.31338895532,61234.11385670305,24.38975549545629,0.5669845554075366
c2023r1b,C/2023 R1-B,6,3,6,61177.36038248195,61184.29302871368,17.552572019683225,7.428272457545788
c2023rn3,C/2023 RN3 (ATLAS),6,1,6,61049.0496421326,61049.05538734189,15.999028720065509,8.85383358236305
c2025l2,C/2025 L2 (MAPS),6,1,6,60825.29296431165,60825.296380952284,16.954232979469804,7.987929465816094
c2026l2,C/2026 L2 (PANSTARRS),6,4,6,61203.34358890681,61211.342409197714,18.57385259748945,6.421338931609803
p2001h5,P/2001 H5 (NEAT),6,1,6,60930.30445061392,60930.307209733415,21.31841276930496,3.3661105032312157
332pcikeyamurakami,332P-C/Ikeya-Murakami,5,3,5,60878.32849243377,60880.33888097201,22.23305905776741,2.714428649253019
c1975n1,C/1975 N1 (Kobayashi-Berger-Milon),5,3,5,60894.235431679066,61049.125939046506,24.43688117971165,0.5109232031492681
c1999e1,C/1999 E1 (Li),5,2,5,61211.278423733085,61231.21704359679,20.927458619078735,4.065959043176424
c2018s3,C/2018 S3 (TESS),5,2,5,60879.335550508935,60880.3384139333,22.532873608266875,2.37553812986976
c2022v2,C/2022 V2 (Lemmon),5,1,5,60976.341539470486,60976.34662290477,20.45230240484917,4.496836892746689
25d,25D/Neujmin 2,4,2,4,61230.236918170944,61233.312373864006,17.39484805471182,6.870745282144249
332paikeyamurakami,332P-A/Ikeya-Murakami,4,3,4,60878.32849243377,60880.33888097201,23.56966094424757,1.296175246463477
3dbbiela,3D-B/Biela,4,2,4,61174.33188388218,61187.39731623093,15.985080767095738,8.98815557485647
c1913y1,C/1913 Y1 (Delavan),4,2,4,61034.24494689983,61182.43606072199,24.64475860609259,0.34333256060799755
c1973e1,C/1973 E1 (Kohoutek),4,3,4,61032.34963409417,61108.049479671296,23.545673832473945,1.4229847752482527
c2014w10,C/2014 W10 (PANSTARRS),4,3,4,61177.140289353214,61228.11909187679,21.278297028198875,3.618698098998955
c2023a2,C/2023 A2 (SWAN),4,3,4,60997.30788430898,61056.33955836902,23.511826966567565,1.4403047114451617
c2023p1,C/2023 P1 (Nishimura),4,2,4,61057.33124347824,61138.06865204452,19.63927163696873,5.309043405523585
c2025k4,C/2025 K4 (Siverd),4,1,4,60807.0794843589,60807.08878926514,17.63248292251918,7.360662901548668
505p,505P/Palomar,3,2,3,61157.38202980022,61230.32865478332,18.78246335341758,6.2175366465824204
85d,85D/Boethin,3,2,3,61088.35240721238,61234.05743804994,16.444332664216773,8.528905462940607
c1977r1,C/1977 R1 (Kohler),3,3,3,61057.35181646003,61068.28708256456,24.6164949061422,0.3122228290796478
p2022w1,P/2022 W1 (Rankin),3,3,3,61095.32935183682,61180.12075337675,21.416388336135327,3.583611663864673
213pbvanness,213P-B/Van Ness,2,1,2,61032.34137057607,61032.34183967207,23.445826292570704,1.5132521535701926
332phikeyamurakami,332P-H/Ikeya-Murakami,2,2,2,60878.32849243377,60880.33888097201,24.66938200039949,0.2584521602241878
c1988p1,C/1988 P1 (Machholz),2,2,2,60930.14503815352,61232.33981852793,25.189692842088604,-0.19402302780829217
c2023h2,C/2023 H2 (Lemmon),2,1,2,61154.25320277736,61154.25505481894,23.66460917764253,1.299791094206217
c2026a2,C/2026 A2 (Bok),2,1,2,60846.99705738016,60846.997454490986,18.37103888136309,6.622084667740438
c2026a3,C/2026 A3 (PANSTARRS),2,1,2,61088.1593465875,61088.1597817191,16.84689257852952,8.11746990605744
p2022o2,P/2022 O2 (PANSTARRS),2,2,2,61141.189912079375,61146.20079762676,24.273110190383825,0.7262942910176307
p2023m2,P/2023 M2 (PANSTARRS),2,1,2,61051.10653627013,61051.10697165784,20.084589958840905,4.889582483405807
342p,342P/SOHO,1,1,1,61230.30906123017,61230.30906123017,24.568631340735084,0.4313686592649155
417p,417P/NEOWISE,1,1,1,61032.35610492761,61032.35610492761,22.504958611852764,1.2705186943941165
494p,494P/PANSTARRS,1,1,1,61019.081975759946,61019.081975759946,21.392394080403974,3.581387419934366
c1971e1,C/1971 E1 (Toba),1,1,1,61057.261273200165,61057.261273200165,25.57152687065449,-0.5757259324382069
c1978r3,C/1978 R3 (Machholz),1,1,1,61231.204523797154,61231.204523797154,25.933938482380785,-0.9677325618377068
c1989y1,C/1989 Y1 (Skorichenko-George),1,1,1,61142.17817057297,61142.17817057297,26.46326374617612,-1.5211463190742158
c1999s2,C/1999 S2 (McNaught-Watson),1,1,1,61051.10653627013,61051.10653627013,19.139942810611306,4.635534495635575
c1999t1,C/1999 T1 (McNaught-Hartley),1,1,1,60981.11091645761,60981.11091645761,21.655469497097908,2.120007809148973
c2024s1,C/2024 S1 (ATLAS),1,1,1,61058.18150995114,61058.18150995114,23.321540880617118,0.4539364256297631
c2024u1,C/2024 U1 (PANSTARRS),1,1,1,61002.26630613767,61002.26630613767,17.704103192424775,7.25176588808754
c2026az17,C/2026 AZ17 (Bok),1,1,1,60818.0720607608,60818.0720607608,19.63945460645581,4.13602269979107
c2026m5,C/2026 M5 (PANSTARRS),1,1,1,60981.11091645761,60981.11091645761,18.59856054606105,5.176916760185829
p2011v1,P/2011 V1 (Boattini),1,1,1,61137.41441067798,61137.41441067798,18.51629907535989,6.4679885650942595
p2017u3,P/2017 U3 (PANSTARRS),1,1,1,61232.33458494908,61232.33458494908,17.86176913976669,7.131943093767585
p2025w4,P/2025 W4 (PANSTARRS),1,1,1,61051.10784398579,61051.10784398579,20.157440870921167,4.837177273011818
